"vacc_self","vacc_others01","vacc_others02","vacc_others03","vacc_others04","vacc_others05","masks_self","masks_others_never","masks_others_sometimes","masks_others_half","masks_others_often","masks_others_always","testing_self","testing_others_never","testing_others_sometimes","testing_others_half","testing_others_often","testing_others_always"
5,0,0,0,0,100,5,0,0,0,0,100,2,100,0,0,0,0
5,0,0,9,0,91,5,0,0,0,0,100,1,96,4,0,0,0
5,0,0,48,0,52,5,4,0,35,0,61,2,2,0,0,0,98
5,25,15,10,0,50,5,6,15,24,15,40,1,38,7,14,24,17
5,0,0,0,100,0,5,0,0,0,100,0,4,0,0,0,100,0
3,55,45,0,0,0,3,40,38,22,0,0,3,48,52,0,0,0
5,0,0,0,2,98,5,0,0,0,67,33,5,0,0,0,1,99
5,1,12,3,4,80,NA,0,5,14,81,0,2,30,70,0,0,0
4,34,4,18,27,17,4,0,12,37,51,0,2,13,41,0,46,0
4,0,50,0,50,0,4,0,0,0,100,0,4,0,0,0,100,0
5,30,0,0,10,60,5,0,20,10,30,40,3,10,0,30,60,0
5,20,30,30,5,15,4,5,20,20,20,35,3,10,20,20,30,20
5,0,0,0,0,0,5,0,0,0,0,0,2,0,0,0,0,0
5,5,0,0,0,95,5,0,0,0,0,100,4,0,0,0,100,0
3,18,21,18,43,0,5,13,14,18,55,0,1,6,6,9,43,36
5,13,13,20,25,29,5,0,0,0,21,79,2,13,73,14,0,0
5,6,3,11,32,48,5,1,0,0,10,89,5,12,36,7,14,31
4,20,0,20,0,60,5,0,0,0,10,90,1,10,50,0,0,40
4,0,0,0,100,0,5,0,0,0,0,100,2,0,100,0,0,0
2,16,13,27,30,14,4,30,17,30,15,8,4,30,20,15,20,15
5,25,5,0,25,45,5,5,20,5,10,60,1,5,10,20,50,15
5,0,0,0,50,50,4,0,25,0,50,25,2,80,20,0,0,0
NA,33,40,16,10,1,NA,6,13,30,41,10,NA,0,0,0,80,20
4,0,20,20,40,20,4,0,10,30,50,10,5,0,10,10,30,50
3,6,17,54,13,10,5,0,0,0,0,100,1,0,50,50,0,0
3,30,59,11,0,0,NA,30,3,40,27,0,3,30,70,0,0,0
5,15,8,5,23,49,5,4,14,23,33,26,4,5,6,18,60,11
1,50,30,19,1,0,5,80,20,0,0,0,1,50,0,0,0,50
3,4,26,43,15,12,NA,0,34,35,31,0,NA,0,65,0,35,0
NA,0,7,0,32,61,5,0,0,0,50,50,1,0,0,90,0,10
5,15,10,25,5,45,5,15,6,0,0,79,4,0,0,43,57,0
4,0,0,10,80,10,5,0,0,0,0,100,3,0,0,100,0,0
4,28,34,9,14,15,2,21,25,22,6,26,2,0,66,12,17,5
2,15,15,10,35,25,4,0,15,15,55,15,3,5,25,40,20,10
5,10,10,10,50,20,4,0,10,10,70,10,2,0,70,10,10,10
3,3,6,12,29,50,5,0,0,0,44,56,3,2,18,56,17,7
5,20,27,12,21,20,4,5,14,22,33,26,4,3,15,26,40,16
4,50,0,0,0,50,5,0,0,0,0,100,2,50,50,0,0,0
5,0,0,0,41,59,4,0,0,0,16,84,1,0,0,28,46,26
5,20,20,20,20,20,5,20,20,20,20,20,5,20,20,20,20,20
5,0,0,0,0,100,5,0,0,0,0,100,5,0,0,0,50,50
5,10,25,0,25,40,5,0,0,20,31,49,4,0,50,0,50,0
NA,10,10,10,35,35,5,0,10,50,20,20,4,10,30,0,60,0
2,64,28,2,2,4,NA,33,18,19,22,8,NA,86,14,0,0,0
4,40,18,5,17,20,4,10,30,10,10,40,2,10,20,30,10,30
NA,32,31,26,0,11,NA,1,11,24,64,0,NA,13,7,34,0,46
5,0,0,0,0,100,4,0,0,0,0,100,4,0,0,0,0,100
2,14,86,0,0,0,4,0,0,0,100,0,2,0,100,0,0,0
5,0,0,0,0,100,4,0,0,0,0,100,5,0,0,0,100,0
2,30,27,26,5,12,4,2,15,22,33,28,5,12,30,25,24,9
1,34,4,3,27,32,NA,2,9,13,25,51,NA,22,25,12,4,37
1,13,12,20,43,12,4,4,4,4,59,29,4,14,22,33,10,21
4,32,31,28,9,0,NA,19,28,27,13,13,4,56,44,0,0,0
NA,29,9,22,14,26,2,13,9,14,12,52,1,14,8,28,13,37
4,0,5,5,50,40,5,0,0,0,0,100,4,0,0,0,100,0
5,20,6,0,11,63,5,100,0,0,0,0,2,0,100,0,0,0
1,100,0,0,0,0,2,75,25,0,0,0,1,75,25,0,0,0
3,12,56,21,11,0,2,4,20,27,15,34,2,2,23,0,69,6
3,50,40,10,0,0,4,0,0,10,50,40,5,0,5,0,90,5
4,0,0,0,70,30,4,0,20,0,60,20,1,70,0,30,0,0
4,12,44,25,11,8,5,0,0,0,77,23,3,0,0,35,19,46
4,10,9,20,48,13,5,0,9,0,23,68,3,6,24,34,28,8
1,20,18,10,16,36,3,0,0,25,75,0,5,0,0,0,0,100
5,5,20,40,20,15,5,0,10,10,30,50,3,10,25,30,30,5
5,5,15,12,19,49,4,0,20,25,44,11,5,18,25,34,13,10
4,0,30,40,30,0,4,0,25,50,25,0,5,0,0,0,0,100
NA,23,20,27,25,5,3,10,13,28,15,34,3,21,30,21,15,13
5,5,11,0,76,8,4,0,15,15,70,0,4,12,27,28,33,0
2,28,15,27,26,4,4,56,44,0,0,0,4,0,39,40,0,21
3,5,10,0,65,20,5,0,0,0,10,90,2,10,90,0,0,0
NA,18,22,12,39,9,NA,27,26,47,0,0,NA,0,100,0,0,0
5,0,0,0,0,100,5,0,0,0,0,100,5,0,0,0,0,100
5,0,0,0,0,100,5,0,0,0,0,100,1,100,0,0,0,0
1,48,37,0,6,9,4,0,18,38,34,10,3,0,18,48,24,10
NA,55,28,8,4,5,2,10,60,20,5,5,2,0,60,20,10,10
2,30,15,30,20,5,4,0,15,25,50,10,2,60,5,10,15,10
3,100,0,0,0,0,4,0,0,0,100,0,3,0,0,0,100,0
4,19,25,15,21,20,3,2,22,29,32,15,2,35,33,24,5,3
5,0,0,0,100,0,5,0,0,0,100,0,3,0,0,100,0,0
1,100,0,0,0,0,4,0,0,0,100,0,2,100,0,0,0,0
1,4,1,1,4,90,1,10,0,0,40,50,1,10,10,10,0,70
3,38,4,54,4,0,4,5,6,8,59,22,4,7,8,14,66,5
NA,0,10,0,30,60,4,0,0,0,50,50,2,0,10,30,60,0
3,0,0,100,0,0,NA,0,0,100,0,0,4,0,0,0,100,0
5,20,0,0,10,70,4,0,10,10,70,10,5,10,30,0,10,50
3,50,25,23,0,2,4,1,6,25,58,10,5,0,5,9,65,21
5,5,10,0,50,35,NA,0,20,30,35,15,1,80,10,5,4,1
3,25,27,20,11,17,4,0,0,0,25,75,2,28,54,7,6,5
2,15,50,10,15,10,4,0,5,5,60,30,4,0,0,15,75,10
5,0,15,20,20,45,5,0,0,0,0,100,2,30,30,40,0,0
2,30,37,21,7,5,4,0,0,0,17,83,5,0,0,23,30,47
NA,0,5,0,19,76,5,0,0,47,0,53,3,20,66,0,0,14
4,2,3,29,57,9,5,0,0,0,100,0,3,0,0,100,0,0
3,10,10,40,30,10,2,100,0,0,0,0,2,100,0,0,0,0
5,0,0,4,6,90,4,0,18,24,58,0,2,0,38,26,14,22
3,30,30,31,9,0,4,9,23,23,23,22,2,0,64,15,21,0
3,20,0,80,0,0,4,0,20,40,0,40,3,0,100,0,0,0
3,80,0,10,10,0,2,0,80,0,20,0,2,30,0,0,70,0
5,5,30,20,28,17,4,0,0,100,0,0,2,0,0,100,0,0
5,0,0,0,0,100,5,0,0,0,0,100,2,0,100,0,0,0
5,0,0,0,20,80,5,0,0,0,100,0,4,0,0,0,100,0
4,31,30,10,29,0,4,0,29,8,63,0,1,100,0,0,0,0
5,41,37,11,9,2,3,18,17,30,21,14,4,22,31,27,18,2
NA,0,0,0,0,100,5,0,0,0,0,100,1,0,100,0,0,0
5,25,33,13,6,23,5,0,0,0,0,100,5,0,8,13,17,62
2,40,30,20,5,5,4,0,10,50,30,10,3,10,40,50,0,0
4,63,15,4,12,6,5,5,37,37,17,4,2,2,69,17,8,4
4,65,34,1,0,0,5,20,25,18,15,22,5,15,4,11,32,38
4,50,25,15,10,0,4,40,20,20,10,10,5,50,10,5,30,5
2,20,30,0,30,20,4,2,17,17,46,18,4,0,23,27,50,0
5,0,0,0,50,50,5,0,0,0,33,67,4,0,0,47,38,15
1,0,3,0,0,97,2,0,0,0,100,0,5,0,0,100,0,0
5,3,8,26,57,6,5,0,0,0,15,85,2,0,38,38,8,16
5,0,0,0,0,100,4,0,0,0,100,0,3,0,0,100,0,0
5,10,5,10,25,50,5,0,0,0,20,80,3,0,50,40,10,0
5,100,0,0,0,0,5,20,10,23,21,26,3,21,34,31,14,0
NA,0,0,0,0,100,NA,0,31,59,10,0,NA,0,0,0,0,100
NA,100,0,0,0,0,4,53,23,9,7,8,NA,0,0,0,100,0
3,50,20,20,5,5,4,5,10,40,30,15,3,20,60,10,10,0
3,15,35,35,10,5,4,0,15,25,50,10,1,30,70,0,0,0
5,30,10,0,0,60,5,0,0,10,0,90,4,10,0,0,70,20
1,5,5,5,30,55,2,0,5,5,40,50,1,0,5,5,40,50
1,98,0,2,0,0,5,0,3,6,9,82,5,10,65,16,4,5
NA,100,0,0,0,0,5,0,17,38,45,0,2,27,30,21,22,0
1,58,22,19,0,1,4,0,0,9,29,62,2,0,81,19,0,0
2,60,20,10,5,5,5,5,10,25,20,40,2,2,30,30,20,18
5,0,10,0,32,58,5,0,0,0,30,70,5,0,0,0,31,69
3,21,12,31,19,17,4,17,29,14,24,16,3,31,21,12,20,16
1,100,0,0,0,0,1,100,0,0,0,0,1,100,0,0,0,0
3,47,46,7,0,0,NA,23,24,24,27,2,2,100,0,0,0,0
NA,40,20,0,30,10,NA,24,0,76,0,0,NA,0,100,0,0,0
2,24,24,14,22,16,2,15,33,36,11,5,2,0,100,0,0,0
2,29,14,12,35,10,2,15,28,21,36,0,2,9,13,20,33,25
5,0,0,0,20,80,5,0,0,0,0,100,3,0,0,0,0,100
5,0,5,0,45,50,4,0,0,0,100,0,1,0,0,10,0,90
5,0,0,30,60,10,5,0,0,0,10,90,2,5,80,15,0,0
1,80,20,0,0,0,4,0,50,50,0,0,1,80,20,0,0,0
4,10,10,10,50,20,4,10,10,10,70,0,5,10,30,30,20,10
2,69,19,5,3,4,5,6,14,19,42,19,4,8,6,9,61,16
5,25,20,30,14,11,4,10,15,20,30,25,2,50,45,5,0,0
1,65,20,5,5,5,2,10,50,25,10,5,2,20,10,10,20,40
4,0,10,0,90,0,4,0,0,10,90,0,2,0,10,90,0,0
NA,0,49,48,3,0,NA,96,4,0,0,0,NA,99,1,0,0,0
1,73,0,24,3,0,5,0,0,0,0,100,4,100,0,0,0,0
4,5,10,16,59,10,4,0,8,24,68,0,4,1,9,33,57,0
5,20,30,10,30,10,5,2,0,13,15,70,5,25,0,10,50,15
4,25,6,7,30,32,5,5,5,7,10,73,5,0,0,0,0,100
2,51,49,0,0,0,4,0,25,0,75,0,1,32,44,14,10,0
4,10,20,0,40,30,NA,4,32,0,23,41,4,2,47,10,41,0
4,0,0,0,0,100,5,14,15,10,23,38,2,73,27,0,0,0
1,100,0,0,0,0,2,0,100,0,0,0,1,50,0,0,0,50
2,0,0,0,99,1,5,0,0,0,0,100,2,72,28,0,0,0
2,30,27,15,10,18,4,51,33,16,0,0,3,28,33,39,0,0
5,0,0,0,0,100,5,0,0,0,0,100,5,0,100,0,0,0
5,20,0,20,40,20,4,0,30,30,40,0,2,50,0,0,50,0
5,20,10,10,20,40,5,10,10,20,30,30,1,40,10,10,30,10
4,5,10,0,75,10,5,0,0,0,10,90,1,50,30,15,5,0
1,9,14,24,27,26,4,1,6,25,28,40,4,0,1,9,39,51
4,1,7,16,16,60,5,0,0,4,23,73,2,0,0,9,56,35
NA,18,28,34,10,10,NA,0,0,0,39,61,4,0,0,0,28,72
5,10,10,14,15,51,4,0,10,0,10,80,1,50,30,0,20,0
5,0,0,10,0,90,5,0,0,0,30,70,3,0,0,0,0,100
1,80,6,8,4,2,4,4,15,31,20,30,4,3,7,50,35,5
2,30,20,40,5,5,4,10,25,35,20,10,2,25,25,15,5,30
5,0,0,0,71,29,NA,0,0,0,35,65,2,36,64,0,0,0
5,0,0,0,0,100,2,5,10,0,60,25,2,0,0,0,20,80
3,25,4,10,22,39,3,14,16,21,27,22,NA,35,24,21,5,15
NA,50,17,23,0,10,NA,16,12,18,10,44,NA,9,17,46,15,13
3,45,17,38,0,0,3,9,22,35,34,0,1,100,0,0,0,0
4,13,20,10,17,40,4,0,10,27,48,15,3,0,20,27,32,21
1,5,15,14,27,39,1,70,17,12,1,0,5,4,4,4,22,66
1,83,3,14,0,0,1,100,0,0,0,0,1,100,0,0,0,0
1,10,10,15,50,15,2,6,14,26,40,14,1,11,12,29,22,26
4,14,29,0,36,21,1,0,0,100,0,0,2,0,0,100,0,0
2,50,10,10,20,10,5,5,30,30,20,15,4,30,50,10,9,1
1,100,0,0,0,0,1,52,48,0,0,0,1,54,34,4,4,4
5,0,2,3,95,0,4,0,0,0,100,0,5,0,0,0,100,0
NA,0,0,100,0,0,NA,0,0,0,100,0,5,0,0,0,100,0
2,66,34,0,0,0,4,0,0,75,25,0,2,0,44,56,0,0
4,50,10,20,15,5,4,0,50,25,20,5,1,90,0,0,10,0
4,20,25,30,10,15,4,0,10,40,50,0,5,2,0,0,52,46
5,10,10,35,5,40,4,75,15,5,5,0,4,80,10,4,4,2
4,0,15,20,45,20,5,0,0,0,30,70,3,0,20,60,20,0
4,3,7,10,42,38,5,0,0,0,18,82,4,0,0,25,75,0
3,39,61,0,0,0,4,0,42,58,0,0,2,0,57,43,0,0
2,32,18,10,29,11,5,9,11,6,64,10,2,3,85,5,4,3
1,75,0,0,25,0,2,20,50,15,15,0,4,0,0,30,60,10
3,0,0,100,0,0,4,5,7,14,51,23,3,6,51,35,5,3
5,1,0,0,0,99,5,0,0,10,20,70,1,20,0,0,50,30
1,50,0,30,0,20,4,0,10,10,70,10,4,0,0,0,80,20
4,30,16,23,24,7,3,40,50,10,0,0,2,15,18,19,24,24
1,100,0,0,0,0,4,0,0,0,100,0,4,0,0,0,100,0
2,44,29,15,12,0,3,5,22,37,25,11,5,20,50,16,14,0
5,7,17,12,44,20,3,5,7,14,29,45,5,15,22,0,10,53
5,10,10,10,20,50,5,0,10,20,50,20,5,10,20,10,10,50
2,38,49,13,0,0,4,0,0,0,100,0,3,0,0,100,0,0
4,7,10,0,70,13,4,0,0,0,85,15,2,0,100,0,0,0
5,0,0,0,100,0,5,0,0,0,100,0,1,100,0,0,0,0
3,53,19,20,8,0,4,0,0,0,100,0,4,82,8,0,7,3
5,5,5,10,30,50,4,2,5,28,30,35,4,5,5,10,25,55
4,0,50,0,50,0,5,0,0,0,0,100,2,0,100,0,0,0
5,0,0,0,50,50,5,0,0,0,0,100,4,0,50,0,50,0
4,20,10,30,20,20,5,10,10,40,20,20,2,0,50,0,50,0
1,100,0,0,0,0,3,13,32,44,11,0,5,3,3,24,27,43
3,100,0,0,0,0,5,0,0,0,100,0,5,0,0,0,100,0
4,3,4,7,46,40,5,1,3,11,38,47,2,67,2,3,7,21
5,20,10,5,5,60,4,0,0,15,0,85,4,5,10,60,5,20
5,0,0,0,50,50,5,0,0,10,40,50,1,50,20,25,5,0
1,40,25,15,10,10,2,0,65,25,10,0,2,5,70,20,5,0
1,100,0,0,0,0,1,100,0,0,0,0,1,100,0,0,0,0
1,100,0,0,0,0,1,30,70,0,0,0,2,0,100,0,0,0
5,9,8,8,30,45,5,5,5,9,9,72,4,0,1,4,5,90
1,100,0,0,0,0,4,0,0,0,0,100,1,80,20,0,0,0
NA,4,0,0,63,33,NA,0,0,0,0,100,NA,100,0,0,0,0
5,20,20,0,30,30,NA,0,5,5,10,80,4,5,5,30,40,20
5,0,0,0,0,100,5,0,0,0,0,100,2,0,100,0,0,0
4,10,0,0,60,30,5,0,0,0,0,100,2,0,10,0,30,60
5,10,10,20,30,30,5,0,0,0,0,100,5,0,0,0,0,100
3,50,30,10,10,0,4,0,0,80,20,0,1,80,10,10,0,0
5,20,30,10,20,20,5,0,10,10,40,40,1,90,10,0,0,0
3,60,20,10,0,10,2,20,30,20,20,10,2,10,10,30,25,25
5,21,18,10,10,41,NA,11,18,13,19,39,2,24,24,24,16,12
5,0,0,0,0,100,5,0,0,0,0,100,5,0,0,0,0,100
1,100,0,0,0,0,1,100,0,0,0,0,1,100,0,0,0,0
5,0,0,0,72,28,NA,0,9,16,56,19,1,100,0,0,0,0
1,89,11,0,0,0,4,0,10,40,50,0,3,0,10,80,10,0
5,21,12,6,61,0,4,6,5,9,33,47,1,84,16,0,0,0
2,5,11,10,74,0,5,0,10,20,20,50,2,0,75,25,0,0
1,90,0,0,0,10,5,0,0,0,0,100,1,0,0,100,0,0
5,0,0,0,0,100,5,0,10,10,0,80,4,0,0,50,50,0
3,25,20,5,25,25,4,30,0,0,20,50,1,100,0,0,0,0
5,0,11,21,30,38,5,0,0,5,33,62,4,13,23,40,15,9
4,30,20,10,30,10,3,20,20,20,20,20,3,30,20,30,20,0
4,1,1,1,92,5,5,0,0,0,100,0,2,0,0,0,100,0
5,0,0,0,0,100,5,0,0,0,0,100,5,0,0,0,0,100
NA,22,36,13,11,18,4,7,20,22,48,3,3,16,18,23,32,11
4,20,10,10,30,30,4,0,0,0,100,0,4,19,31,0,50,0
5,30,10,20,30,10,5,30,10,30,10,20,5,20,30,30,10,10
5,0,0,0,0,100,4,0,0,0,25,75,2,0,60,35,5,0
4,92,3,4,1,0,3,28,20,9,19,24,3,18,22,16,19,25
4,26,23,7,23,21,4,0,0,21,58,21,2,0,20,0,80,0
1,100,0,0,0,0,NA,0,0,0,50,50,3,0,0,100,0,0
NA,40,18,17,25,0,4,9,21,40,22,8,2,8,43,37,6,6
3,25,30,15,20,10,4,0,10,30,40,20,3,10,40,20,30,0
5,0,0,0,0,100,4,0,0,0,100,0,3,0,0,43,57,0
4,10,50,20,10,10,3,20,20,30,10,20,4,20,20,20,20,20
5,20,20,20,20,20,5,20,20,20,30,10,5,20,20,20,20,20
5,5,25,0,29,41,3,0,25,47,23,5,2,0,64,31,5,0
1,73,13,11,2,1,1,100,0,0,0,0,1,100,0,0,0,0
1,100,0,0,0,0,4,0,0,100,0,0,1,0,0,100,0,0
3,0,0,100,0,0,4,0,0,0,100,0,1,100,0,0,0,0
5,50,50,0,0,0,4,0,20,20,40,20,2,20,30,30,20,0
2,21,20,32,10,17,5,0,5,7,35,53,5,2,5,6,9,78
NA,98,2,0,0,0,1,100,0,0,0,0,1,100,0,0,0,0
5,0,5,5,15,75,5,0,0,0,10,90,1,90,0,0,0,10
4,25,20,20,20,15,4,0,20,20,40,20,4,0,0,30,50,20
5,0,9,9,27,55,4,0,0,20,70,10,5,0,20,0,0,80
1,100,0,0,0,0,NA,0,50,50,0,0,2,0,25,50,25,0
4,53,35,12,0,0,5,1,15,11,63,10,1,8,27,48,17,0
1,100,0,0,0,0,2,47,48,5,0,0,1,100,0,0,0,0
4,20,10,20,10,40,4,20,20,20,20,20,2,20,20,20,20,20
5,5,5,5,30,55,5,0,0,0,10,90,5,0,0,0,10,90
4,10,20,20,35,15,5,0,0,0,37,63,2,0,62,18,20,0
3,38,30,32,0,0,2,26,9,29,0,36,1,58,17,8,17,0
5,14,0,0,0,86,5,0,0,0,0,100,2,0,75,0,25,0
4,16,0,10,29,45,5,2,4,2,31,61,5,0,0,0,0,100
5,26,0,48,22,4,4,6,9,26,22,37,5,19,8,14,28,31
2,10,15,15,20,40,3,3,5,7,65,20,1,70,30,0,0,0
3,65,35,0,0,0,3,28,57,15,0,0,3,54,46,0,0,0
1,35,23,11,23,8,4,13,24,21,42,0,1,11,21,68,0,0
5,5,11,20,25,39,4,0,11,9,70,10,2,0,48,24,21,7
2,35,8,25,24,8,4,3,20,17,55,5,2,25,8,17,6,44
5,0,0,0,0,100,4,0,0,0,21,79,2,15,85,0,0,0
4,25,0,0,50,25,5,0,0,25,25,50,5,0,25,25,0,50
4,25,30,10,35,0,NA,10,22,23,28,17,2,17,26,20,25,12
3,37,19,20,0,24,2,41,21,38,0,0,2,100,0,0,0,0
5,0,0,50,25,25,5,0,0,0,0,100,2,0,100,0,0,0
4,0,5,10,70,15,5,0,10,10,20,60,5,0,10,0,10,80
5,5,15,10,40,30,NA,0,0,0,0,100,5,20,20,20,20,20
4,5,15,50,20,10,4,0,20,20,20,40,4,20,20,20,30,10
1,0,0,0,0,0,1,0,0,0,0,0,1,0,0,0,0,0
1,100,0,0,0,0,1,100,0,0,0,0,1,100,0,0,0,0
NA,3,10,11,17,59,NA,0,2,8,31,59,NA,0,0,0,0,100
4,0,25,25,20,30,3,30,25,20,20,5,2,0,0,0,0,0
5,7,0,0,8,85,5,0,0,0,100,0,4,0,30,0,70,0
5,0,0,0,80,20,5,0,0,0,80,20,3,0,4,0,0,96
5,0,5,10,25,60,4,0,0,10,40,50,4,0,10,50,30,10
5,50,24,10,10,6,5,50,10,10,20,10,5,50,10,10,10,20
1,80,5,5,5,5,5,20,25,25,25,5,4,10,20,20,40,10
5,5,10,25,20,40,5,5,5,20,20,50,3,5,15,45,30,5
4,19,15,33,13,20,4,22,21,22,19,16,2,6,17,29,22,26
5,15,5,10,15,55,5,10,20,20,30,20,3,75,0,0,25,0
2,10,50,25,10,5,5,0,0,0,90,10,5,0,0,0,0,100
4,60,10,0,20,10,4,0,10,30,30,30,4,0,0,10,40,50
4,58,0,0,42,0,4,54,38,8,0,0,4,55,37,8,0,0
NA,0,0,0,10,90,3,0,0,100,0,0,1,80,0,0,20,0
NA,20,20,20,20,20,4,0,10,20,70,0,3,0,20,60,20,0
3,48,20,19,7,6,4,0,0,5,25,70,2,0,2,18,29,51
4,10,20,0,60,10,4,0,0,0,75,25,2,10,30,0,60,0
3,24,29,32,8,7,4,0,3,15,37,45,4,7,9,14,46,24
3,53,18,29,0,0,NA,48,46,6,0,0,4,63,17,20,0,0
NA,50,17,13,17,3,NA,0,0,0,0,100,NA,0,30,70,0,0
4,95,5,0,0,0,2,23,0,0,0,77,3,4,79,17,0,0
3,50,49,1,0,0,NA,0,49,0,0,51,NA,0,51,30,19,0
5,10,10,30,0,50,4,10,25,30,35,0,4,10,20,0,70,0
5,0,0,2,51,47,4,0,3,16,36,45,4,96,4,0,0,0
3,50,15,0,10,25,3,10,25,25,40,0,3,0,26,0,50,24
2,0,100,0,0,0,4,0,0,0,100,0,4,0,0,0,100,0
1,69,0,0,0,31,4,20,16,0,15,49,2,16,0,18,15,51
4,75,12,0,13,0,3,41,26,26,7,0,3,49,27,13,11,0
3,25,37,0,0,38,1,100,0,0,0,0,1,100,0,0,0,0
NA,100,0,0,0,0,5,0,0,0,0,100,1,0,0,0,0,100
4,0,0,0,100,0,5,0,0,0,0,100,4,0,0,0,0,100
3,42,41,17,0,0,3,38,38,24,0,0,4,14,20,21,29,16
2,62,38,0,0,0,3,13,28,0,59,0,3,14,35,51,0,0
5,0,10,0,0,90,5,0,0,0,0,100,2,40,10,10,30,10
NA,100,0,0,0,0,NA,100,0,0,0,0,NA,100,0,0,0,0
5,16,22,27,21,14,5,8,12,16,18,46,3,17,13,40,20,10
5,10,10,0,20,60,5,10,20,20,20,30,2,60,0,0,40,0
5,10,5,10,30,45,5,0,0,10,25,65,2,1,45,20,25,9
5,0,27,0,16,57,NA,0,0,0,90,10,NA,0,100,0,0,0
3,100,0,0,0,0,NA,0,0,100,0,0,3,0,0,0,100,0
NA,100,0,0,0,0,NA,0,0,0,0,100,NA,0,0,0,0,100
2,50,22,10,8,10,4,10,10,30,30,20,1,5,55,10,9,21
4,5,10,5,50,30,4,5,10,20,55,10,3,10,20,30,30,10
5,0,0,50,50,0,5,0,0,30,70,0,2,0,100,0,0,0
5,10,10,5,75,0,5,0,10,0,80,10,5,0,10,10,60,20
5,30,30,0,0,40,NA,10,0,0,0,90,2,0,80,20,0,0
3,15,24,25,19,17,3,0,17,32,44,7,1,67,33,0,0,0
2,20,10,50,10,10,5,10,10,20,50,10,1,50,10,10,30,0
2,54,46,0,0,0,4,0,0,0,100,0,1,100,0,0,0,0
1,50,20,10,10,10,3,0,20,10,50,20,2,10,10,20,50,10
5,5,5,10,29,51,5,0,0,0,0,100,4,10,0,0,50,40
4,60,20,5,5,10,5,0,0,0,60,40,2,0,21,40,24,15
4,12,23,29,34,2,NA,15,15,15,42,13,4,21,12,23,26,18
NA,29,8,0,15,48,3,0,0,0,100,0,3,0,0,0,100,0
1,50,10,10,10,20,2,10,20,30,20,20,2,10,20,30,20,20
5,15,11,16,20,38,5,4,8,8,21,59,3,4,10,14,24,48
5,8,9,9,35,39,5,0,0,40,0,60,2,0,0,0,60,40
4,20,20,20,20,20,NA,20,20,20,20,20,2,20,20,20,20,20
5,10,10,20,20,40,5,5,5,10,30,50,4,10,10,20,40,20
2,66,34,0,0,0,3,23,22,22,23,10,2,21,16,21,16,26
NA,0,0,0,0,100,5,0,0,0,0,100,2,0,0,0,0,100
4,27,0,12,61,0,4,0,0,0,100,0,3,0,34,66,0,0
1,74,0,14,0,12,3,0,0,0,100,0,1,0,100,0,0,0
5,20,20,20,20,20,4,20,20,20,20,20,5,20,20,20,40,0
4,20,25,15,20,20,2,0,0,100,0,0,2,0,100,0,0,0
1,100,0,0,0,0,2,100,0,0,0,0,1,100,0,0,0,0
3,75,15,5,5,0,2,60,25,15,0,0,5,10,9,9,45,27
2,54,40,6,0,0,NA,32,0,52,16,0,NA,64,0,0,5,31
1,99,1,0,0,0,2,99,1,0,0,0,1,99,1,0,0,0
5,20,5,10,30,35,4,5,5,20,70,0,4,0,0,15,80,5
5,10,20,5,5,60,5,5,5,10,10,70,4,5,10,20,30,35
1,50,0,50,0,0,5,0,0,0,0,100,1,100,0,0,0,0
5,5,10,15,20,50,4,0,6,15,30,49,5,0,15,10,10,65
5,15,8,7,19,51,5,0,4,9,30,57,3,19,21,21,20,19
5,0,10,0,90,0,NA,0,0,0,56,44,2,80,10,10,0,0
2,10,30,20,30,10,5,5,5,10,15,65,3,5,20,55,10,10
5,0,0,0,0,100,5,0,0,0,0,100,5,0,0,0,0,100
1,50,50,0,0,0,4,0,0,0,50,50,3,0,100,0,0,0
3,15,24,0,61,0,4,3,0,0,82,15,1,9,41,50,0,0
5,0,0,0,0,100,5,0,0,0,0,100,2,0,100,0,0,0
4,100,0,0,0,0,5,0,0,0,100,0,1,0,0,0,100,0
5,50,0,20,0,30,5,0,15,25,10,50,4,25,75,0,0,0
1,50,30,10,0,10,2,60,10,10,10,10,1,60,10,10,10,10
5,0,10,10,5,75,4,5,10,20,45,20,3,39,50,11,0,0
2,10,30,0,50,10,2,0,70,30,0,0,5,50,0,20,30,0
NA,26,36,37,1,0,3,31,12,9,10,38,2,25,23,33,19,0
5,1,0,0,0,99,5,0,0,0,0,100,2,0,100,0,0,0
4,0,8,9,83,0,5,0,0,0,0,100,2,0,100,0,0,0
NA,6,13,6,45,30,NA,16,37,27,18,2,NA,0,18,31,26,25
3,20,20,20,20,20,5,0,0,20,40,40,1,20,20,20,20,20
2,100,0,0,0,0,5,0,0,0,0,100,1,0,50,30,20,0
1,20,30,5,5,40,5,0,0,0,30,70,1,0,80,20,0,0
5,2,0,0,13,85,4,0,5,10,35,50,4,0,29,10,40,21
1,50,10,5,35,0,4,0,5,50,20,25,2,0,50,20,0,30
4,60,0,20,20,0,4,20,40,0,32,8,3,50,20,20,5,5
NA,20,30,20,10,20,NA,20,20,15,20,25,NA,25,30,25,10,10
NA,10,0,0,70,20,5,0,9,0,50,41,5,0,0,0,20,80
5,10,10,15,30,35,5,2,4,29,40,25,4,3,3,3,71,20
1,89,0,11,0,0,4,0,0,0,88,12,2,0,91,6,3,0
NA,60,10,20,5,5,5,0,0,0,0,100,3,0,0,0,0,100
4,23,47,5,6,19,5,0,0,0,100,0,2,0,100,0,0,0
3,10,20,5,54,11,4,4,7,23,5,61,4,0,0,26,47,27
NA,19,70,11,0,0,3,0,0,11,74,15,3,0,41,0,0,59
3,20,30,20,10,20,4,10,10,10,50,20,4,0,20,20,20,40
5,0,16,30,54,0,4,0,0,25,75,0,5,0,0,0,10,90
3,48,42,10,0,0,NA,100,0,0,0,0,3,100,0,0,0,0
1,100,0,0,0,0,5,0,0,0,0,100,2,0,100,0,0,0
4,21,38,23,14,4,4,4,11,36,42,7,5,1,1,2,51,45
NA,0,10,20,10,60,5,0,0,0,15,85,4,0,0,0,100,0
5,10,18,21,24,27,3,11,21,41,18,9,2,0,24,44,28,4
1,80,10,10,0,0,5,95,5,0,0,0,1,10,30,30,20,10
5,3,3,4,22,68,5,1,4,4,16,75,5,0,4,6,11,79
2,98,2,0,0,0,5,0,0,0,0,100,5,0,0,0,100,0
4,10,10,10,10,60,5,0,0,0,0,100,2,0,100,0,0,0
NA,20,20,14,11,35,NA,5,5,13,30,47,NA,9,13,19,38,21
5,5,5,10,20,60,4,3,8,14,70,5,2,5,85,10,0,0
3,10,10,10,35,35,5,0,0,0,5,95,4,0,0,10,90,0
NA,30,20,3,40,7,NA,20,5,0,75,0,NA,20,10,0,20,50
NA,10,25,25,0,40,NA,0,5,0,70,25,NA,10,10,5,50,25
3,12,24,4,34,26,2,23,13,8,22,34,2,11,25,6,18,40
1,50,30,20,0,0,5,0,0,0,50,50,2,0,100,0,0,0
NA,27,42,21,10,0,NA,31,18,14,22,15,NA,82,14,4,0,0
2,30,30,30,10,0,5,0,0,0,0,100,2,0,100,0,0,0
3,24,35,16,10,15,NA,0,20,30,30,20,2,20,10,25,30,15
1,100,0,0,0,0,2,0,15,10,25,50,NA,100,0,0,0,0
1,100,0,0,0,0,5,0,0,0,0,100,5,0,0,0,0,100
3,63,37,0,0,0,2,24,19,25,10,22,2,33,26,41,0,0
4,20,20,20,20,20,4,0,0,0,0,100,2,20,20,20,20,20
4,10,10,30,20,30,4,0,10,20,60,10,2,0,100,0,0,0
5,0,5,5,0,90,5,0,0,0,0,100,2,0,5,5,50,40
5,0,0,0,0,100,3,0,0,0,100,0,2,0,0,0,100,0
1,20,35,11,10,24,2,0,0,0,27,73,5,0,0,0,50,50
5,5,0,0,0,95,5,0,0,0,0,100,2,0,30,0,50,20
4,0,25,0,75,0,4,0,0,0,30,70,4,0,0,0,100,0
5,10,10,15,13,52,5,3,15,3,14,65,2,0,71,25,4,0
NA,0,0,0,100,0,NA,0,0,0,100,0,NA,0,100,0,0,0
NA,84,0,13,3,0,NA,5,38,33,18,6,1,100,0,0,0,0
5,0,10,20,30,40,5,0,10,20,30,40,3,0,40,40,20,0
4,36,37,17,0,10,4,0,49,31,20,0,4,0,49,33,18,0
5,5,13,37,32,13,5,12,20,26,29,13,2,28,21,9,17,25
5,20,10,20,0,50,5,0,10,10,30,50,3,0,20,50,20,10
NA,10,10,30,20,30,5,10,0,30,20,40,5,0,10,10,20,60
4,10,10,10,50,20,5,0,0,0,30,70,5,50,20,10,10,10
3,0,10,80,10,0,4,0,0,40,60,0,1,0,50,50,0,0
5,20,0,0,80,0,5,0,0,0,20,80,5,0,0,0,10,90
4,0,0,0,0,100,5,0,10,30,30,30,1,90,10,0,0,0
5,80,10,10,0,0,5,0,10,10,20,60,3,0,0,10,30,60
5,60,40,0,0,0,4,10,30,10,0,50,4,10,20,30,40,0
1,5,0,0,0,95,2,2,8,0,0,90,1,1,0,0,5,94
3,20,10,10,20,40,5,0,0,0,0,100,2,0,0,50,50,0
5,21,11,16,29,23,5,0,0,0,1,99,4,0,0,0,43,57
5,10,0,0,90,0,4,0,0,0,100,0,4,0,0,0,50,50
5,20,0,20,0,60,5,0,20,20,30,30,2,20,40,40,0,0
4,0,20,0,80,0,4,0,0,26,74,0,5,0,0,23,0,77
5,10,15,0,0,75,5,0,0,0,25,75,2,0,23,48,29,0
1,50,20,20,10,0,2,10,20,50,20,0,3,50,20,20,10,0
1,50,50,0,0,0,NA,20,25,50,5,0,3,37,46,17,0,0
3,50,25,25,0,0,3,22,21,26,19,12,3,15,29,19,22,15
4,1,14,2,39,44,5,1,3,8,11,77,4,2,9,11,67,11
1,0,100,0,0,0,4,0,0,0,100,0,2,13,87,0,0,0
2,25,22,12,21,20,4,0,2,2,59,37,5,0,49,41,0,10
2,27,11,23,27,12,2,22,16,16,20,26,2,33,53,14,0,0
4,38,26,36,0,0,5,54,28,18,0,0,4,27,19,39,15,0
4,10,10,2,38,40,NA,0,0,0,50,50,3,5,5,20,40,30
NA,0,10,20,10,60,NA,10,10,0,75,5,2,0,0,13,87,0
4,0,0,0,33,67,4,0,0,0,35,65,2,3,37,43,8,9
4,3,1,19,40,37,4,0,0,41,42,17,2,7,15,27,36,15
2,28,14,22,20,16,4,14,23,24,38,1,2,7,9,17,32,35
NA,40,39,21,0,0,NA,26,14,23,18,19,3,37,16,34,0,13
5,30,20,20,0,30,5,20,20,0,20,40,1,30,10,20,40,0
1,10,10,10,30,40,1,5,10,30,30,25,5,5,20,20,35,20
3,37,15,12,21,15,4,10,20,40,20,10,4,80,1,5,5,9
5,20,19,9,42,10,5,0,15,21,2,62,5,0,0,6,37,57
NA,0,25,11,37,27,3,59,40,1,0,0,3,68,32,0,0,0
3,60,20,15,0,5,5,0,0,0,0,100,4,0,0,0,20,80
2,35,10,25,15,15,4,5,30,20,20,25,2,5,50,20,15,10
NA,20,16,7,30,27,3,27,12,13,18,30,4,29,13,7,40,11
4,30,20,10,10,30,4,20,30,20,20,10,4,30,30,30,10,0
3,26,10,14,35,15,3,10,12,23,17,38,3,10,12,18,20,40
4,0,10,30,40,20,4,0,0,33,34,33,3,0,10,20,30,40
4,0,6,16,44,34,5,0,0,0,14,86,1,3,65,25,7,0
5,0,5,10,35,50,4,5,15,20,45,15,4,0,15,20,40,25
2,50,0,29,21,0,4,0,25,0,75,0,2,9,81,0,0,10
4,19,17,20,10,34,4,13,14,16,38,19,3,1,1,52,35,11
5,0,10,25,25,40,NA,0,10,15,25,50,NA,5,0,25,50,20
5,0,0,0,50,50,5,0,0,0,50,50,2,0,50,50,0,0
5,5,10,5,30,50,5,0,5,15,15,65,2,30,64,4,2,0
3,86,0,12,2,0,4,0,0,68,32,0,4,0,0,0,0,100
3,0,0,0,50,50,5,0,0,0,50,50,3,0,25,50,25,0
1,5,0,5,0,90,3,5,0,0,0,95,1,0,100,0,0,0
5,50,10,10,20,10,4,50,20,10,10,10,5,50,20,10,10,10
5,40,20,20,10,10,4,30,30,20,20,0,4,20,20,40,20,0
5,10,10,20,30,30,5,5,25,25,40,5,5,5,20,25,40,10
1,100,0,0,0,0,2,0,0,0,0,100,4,0,0,0,100,0
5,0,0,0,0,100,5,0,0,0,0,100,5,0,0,0,0,100
4,50,16,34,0,0,5,14,31,0,0,55,1,13,87,0,0,0
1,50,45,5,0,0,5,0,0,0,0,100,4,0,0,54,45,1
4,30,45,10,10,5,4,10,20,30,35,5,2,60,25,10,5,0
4,21,15,16,23,25,3,11,31,30,12,16,3,17,12,31,20,20
4,20,30,30,20,0,4,0,0,20,80,0,1,80,20,0,0,0
4,15,20,25,25,15,4,5,15,25,35,20,5,5,10,20,30,35
1,20,22,25,25,8,4,0,12,19,52,17,2,12,30,38,13,7
2,60,15,5,10,10,4,0,0,0,60,40,2,0,100,0,0,0
3,12,41,47,0,0,5,0,0,0,0,100,3,0,0,0,100,0
NA,5,13,5,19,58,NA,6,14,7,20,53,NA,11,5,16,11,57
5,0,0,18,18,64,5,0,0,0,32,68,5,0,0,6,39,55
NA,100,0,0,0,0,5,0,0,0,0,100,1,20,0,0,0,80
5,17,5,19,39,20,5,9,27,27,13,24,3,0,0,0,45,55
4,5,5,5,5,80,5,5,5,5,5,80,3,5,5,5,5,80
4,0,10,20,50,20,5,0,0,20,60,20,1,100,0,0,0,0
1,100,0,0,0,0,5,0,0,0,0,100,2,50,50,0,0,0
5,0,0,0,0,100,5,0,0,0,100,0,1,100,0,0,0,0
5,0,2,3,5,90,4,0,0,4,92,4,4,0,0,0,9,91
2,50,20,25,5,0,5,0,0,0,25,75,4,0,0,0,80,20
4,20,20,25,25,10,5,0,0,0,0,100,1,0,0,0,100,0
1,20,20,10,30,20,3,1,9,15,25,50,5,0,0,0,25,75
5,10,10,10,60,10,4,0,20,30,30,20,2,10,30,30,20,10
4,24,25,51,0,0,3,18,46,36,0,0,3,0,19,55,26,0
2,0,100,0,0,0,4,10,30,40,10,10,1,70,20,10,0,0
2,0,20,10,20,50,4,0,0,10,20,70,3,0,50,50,0,0
5,10,20,0,20,50,4,0,0,30,60,10,2,0,60,20,10,10
5,10,0,0,10,80,5,0,0,0,10,90,3,10,0,0,20,70
1,0,80,10,10,0,2,10,25,45,10,10,2,10,30,30,10,20
2,8,21,53,4,14,4,9,12,3,76,0,5,0,0,25,39,36
2,19,30,17,34,0,5,0,0,0,17,83,4,0,36,0,51,13
5,25,5,30,20,20,5,0,0,20,50,30,5,30,0,10,10,50
4,0,10,30,10,50,5,5,5,44,45,1,5,15,0,0,10,75
3,15,16,32,30,7,4,4,39,48,3,6,1,79,4,7,10,0
5,0,0,0,94,6,5,83,17,0,0,0,5,0,45,29,26,0
5,33,25,10,0,32,NA,0,0,0,16,84,5,0,5,22,32,41
4,68,32,0,0,0,5,0,0,0,0,100,3,0,0,100,0,0
5,6,7,6,27,54,4,5,8,13,30,44,3,7,22,35,25,11
5,8,3,2,40,47,4,1,0,10,79,10,2,0,10,30,60,0
4,20,21,23,19,17,4,0,10,40,35,15,4,0,30,30,20,20
5,10,5,5,5,75,5,0,0,0,10,90,2,0,100,0,0,0
1,20,10,10,30,30,4,0,0,20,40,40,5,0,0,0,40,60
1,25,22,0,3,50,4,0,45,12,43,0,5,36,0,0,0,64
1,91,0,0,0,9,4,5,0,10,85,0,1,100,0,0,0,0
2,24,14,22,15,25,4,25,5,17,41,12,2,18,38,8,20,16
5,0,10,0,31,59,5,0,0,11,6,83,4,26,10,32,0,32
1,100,0,0,0,0,4,0,0,100,0,0,5,0,0,100,0,0
5,5,10,15,20,50,4,0,15,30,45,10,4,0,20,30,40,10
1,65,30,0,0,5,4,1,0,0,89,10,2,1,34,20,30,15
2,10,22,38,22,8,4,0,0,0,10,90,2,25,65,6,4,0
NA,7,23,18,21,31,NA,8,27,13,12,40,5,6,21,15,26,32
2,70,0,30,0,0,5,0,25,0,0,75,4,0,0,30,70,0
NA,30,33,17,13,7,NA,5,20,32,28,15,NA,4,14,24,25,33
1,45,50,0,0,5,3,0,0,50,50,0,5,0,50,50,0,0
5,32,25,25,11,7,NA,14,37,33,15,1,NA,59,25,11,5,0
5,2,4,4,0,90,5,0,0,0,0,100,2,3,8,0,35,54
5,0,0,0,0,100,4,0,0,25,75,0,3,0,50,25,25,0
5,0,0,0,0,100,5,0,0,0,0,100,5,0,0,0,0,100
NA,20,15,22,20,23,NA,22,26,22,23,7,3,35,25,12,26,2
5,40,20,10,0,30,4,10,50,20,15,5,1,70,10,20,0,0
3,27,41,32,0,0,NA,0,28,33,24,15,NA,50,30,20,0,0
5,9,14,19,25,33,4,0,0,17,81,2,5,0,11,19,43,27
2,75,5,5,5,10,3,10,30,30,20,10,4,5,5,15,35,40
NA,20,20,30,30,0,2,5,20,50,25,0,2,50,50,0,0,0
5,5,0,0,50,45,5,0,10,0,0,90,4,0,0,50,50,0
4,10,10,10,50,20,4,5,0,0,45,50,2,0,100,0,0,0
4,35,15,15,5,30,4,0,15,10,75,0,5,15,25,15,30,15
2,25,53,22,0,0,5,0,0,19,81,0,1,0,100,0,0,0
4,10,20,0,60,10,5,10,0,0,80,10,1,50,50,0,0,0
4,8,13,15,56,8,4,6,11,24,49,10,3,12,16,51,12,9
5,0,0,0,16,84,4,0,0,0,50,50,4,0,0,0,50,50
5,5,5,5,25,60,4,0,0,0,100,0,4,0,0,0,100,0
1,95,0,0,0,5,2,95,5,0,0,0,1,0,100,0,0,0
2,50,50,0,0,0,4,1,0,0,99,0,4,0,9,0,91,0
3,65,18,14,3,0,5,0,0,0,36,64,2,0,58,6,10,26
5,60,25,5,5,5,5,0,0,10,15,75,5,5,5,5,35,50
5,5,4,4,46,41,5,0,0,11,31,58,4,5,5,26,57,7
5,20,5,5,10,60,5,0,0,0,10,90,5,0,0,30,0,70
1,30,30,20,20,0,3,0,50,20,20,10,1,30,30,20,20,0
NA,63,37,0,0,0,NA,25,0,19,56,0,3,29,71,0,0,0
5,20,10,15,35,20,5,5,5,10,20,60,3,10,40,20,20,10
4,0,0,0,100,0,4,0,20,0,70,10,4,0,30,0,50,20
NA,25,75,0,0,0,NA,22,0,78,0,0,NA,45,47,8,0,0
4,20,20,35,15,10,3,10,20,20,30,20,2,30,20,10,20,20
1,75,0,15,5,5,1,20,60,10,10,0,2,40,20,30,10,0
1,20,20,10,30,20,2,5,10,10,30,45,2,5,30,20,20,25
4,14,26,34,16,10,4,9,12,15,20,44,1,15,21,19,26,19
5,5,5,25,25,40,5,5,10,10,65,10,2,10,25,15,25,25
NA,8,23,23,19,27,NA,0,0,0,8,92,NA,0,11,19,70,0
4,18,49,19,14,0,4,0,0,30,70,0,4,13,25,48,12,2
5,0,0,0,2,98,5,0,25,0,0,75,4,0,70,0,0,30
1,44,28,12,12,4,2,10,27,26,37,0,1,55,3,14,14,14
5,0,2,0,28,70,5,0,0,5,80,15,4,5,25,20,50,0
5,0,6,8,19,67,5,1,3,5,21,70,5,2,2,3,6,87
4,15,23,21,32,9,4,10,17,13,17,43,2,8,41,15,20,16
3,17,45,37,1,0,3,34,32,17,17,0,3,15,31,41,13,0
5,13,12,12,18,45,5,0,0,0,25,75,5,0,0,0,20,80
4,2,23,39,27,9,5,3,7,9,10,71,5,0,12,22,53,13
3,29,15,14,8,34,4,2,15,35,26,22,2,0,60,30,8,2
1,80,10,10,0,0,3,0,10,20,10,60,3,0,20,20,30,30
1,0,0,100,0,0,1,0,0,0,0,0,1,0,0,0,0,0
5,2,5,10,41,42,5,0,0,1,24,75,2,0,75,20,5,0
5,5,5,50,30,10,5,0,10,30,35,25,5,35,5,5,15,40
5,0,0,0,0,100,5,0,0,0,0,100,2,0,100,0,0,0
5,0,0,0,0,100,5,0,0,0,10,90,2,0,50,30,20,0
4,0,0,0,0,100,5,0,0,0,0,100,1,50,50,0,0,0
1,13,6,9,72,0,1,5,9,60,26,0,1,57,9,9,9,16
4,5,10,15,10,60,5,5,0,0,0,95,1,70,0,0,0,30
1,70,10,10,10,0,4,0,10,10,10,70,4,0,0,0,100,0
5,10,0,10,0,80,4,10,20,20,40,10,5,10,10,10,20,50
NA,96,4,0,0,0,NA,0,1,10,17,72,NA,0,0,0,9,91
5,5,5,0,10,80,4,0,0,5,25,70,1,0,0,20,80,0
5,25,45,5,0,25,4,0,25,0,50,25,2,50,50,0,0,0
5,0,10,0,20,70,4,0,0,0,80,20,3,0,20,40,30,10
2,60,15,5,15,5,5,0,0,0,0,100,4,0,25,35,30,10
4,10,10,30,20,30,5,10,10,30,20,30,2,20,10,20,25,25
1,100,0,0,0,0,2,85,15,0,0,0,1,100,0,0,0,0
2,13,13,65,9,0,5,0,0,0,20,80,5,0,20,34,46,0
4,8,11,26,38,17,3,5,11,47,24,13,4,0,12,33,47,8
5,5,30,7,14,44,5,10,35,20,10,25,5,11,12,15,30,32
1,1,96,1,1,1,4,61,36,3,0,0,5,37,6,3,3,51
4,0,16,29,55,0,3,4,20,51,13,12,4,9,10,24,38,19
NA,100,0,0,0,0,4,4,84,12,0,0,4,0,0,0,100,0
2,70,10,10,5,5,3,0,8,23,36,33,1,44,50,6,0,0
4,12,15,22,25,26,5,4,0,0,56,40,2,8,14,40,20,18
3,60,10,5,20,5,4,5,40,45,5,5,2,10,70,20,0,0
3,14,12,42,10,22,3,25,43,12,12,8,NA,21,15,32,5,27
5,0,5,10,12,73,4,2,8,0,77,13,5,0,15,60,8,17
4,0,0,0,100,0,5,0,0,0,0,100,2,0,100,0,0,0
4,0,10,0,90,0,5,0,0,0,10,90,4,0,0,0,100,0
3,0,50,50,0,0,5,0,0,0,100,0,1,80,0,0,0,20
1,80,5,5,10,0,4,0,20,10,30,40,2,50,30,20,0,0
5,0,50,0,0,50,4,0,0,0,100,0,4,0,0,0,100,0
4,0,5,10,41,44,4,0,8,22,30,40,3,18,15,20,18,29
1,43,10,34,13,0,2,10,45,19,17,9,1,8,7,10,26,49
4,21,26,30,17,6,4,12,21,27,15,25,2,10,13,11,20,46
1,95,0,5,0,0,1,90,10,0,0,0,5,0,0,0,0,100
1,68,8,0,0,24,1,16,7,4,8,65,1,100,0,0,0,0
4,1,4,20,50,25,5,5,10,22,40,23,2,5,51,25,13,6
5,0,0,0,0,100,4,0,0,0,100,0,1,100,0,0,0,0
1,10,0,0,80,10,4,0,0,0,10,90,1,70,30,0,0,0
1,50,15,5,15,15,5,0,20,0,30,50,4,0,15,10,65,10
1,75,15,5,4,1,3,50,10,30,7,3,2,0,100,0,0,0
5,0,0,0,0,0,5,0,0,0,0,0,1,0,0,0,0,0
1,100,0,0,0,0,3,10,30,60,0,0,2,40,60,0,0,0
1,15,10,50,10,15,2,0,10,20,60,10,2,0,50,10,10,30
2,6,15,73,6,0,4,0,4,10,81,5,4,0,3,14,47,36
NA,70,27,1,2,0,1,0,0,0,22,78,1,28,0,0,0,72
5,0,0,0,0,100,5,0,0,0,0,100,1,50,50,0,0,0
4,10,20,30,30,10,4,0,0,40,40,20,2,80,20,0,0,0
5,0,0,1,31,68,5,0,0,0,0,100,3,0,0,0,0,100
3,46,46,0,8,0,4,0,0,0,75,25,3,0,0,96,4,0
3,36,28,36,0,0,3,24,68,8,0,0,3,14,29,45,12,0
4,20,20,20,24,16,5,0,0,0,77,23,5,0,3,18,18,61
4,15,19,29,22,15,4,3,13,33,37,14,3,0,6,15,38,41
5,5,8,17,35,35,4,4,28,31,37,0,2,6,74,15,5,0
NA,72,16,12,0,0,NA,2,0,0,0,98,4,12,16,22,28,22
3,22,28,47,2,1,5,0,24,46,0,30,3,0,16,34,50,0
2,32,32,32,2,2,4,5,10,22,55,8,1,14,47,19,16,4
5,5,10,5,30,50,5,0,10,10,40,40,2,20,20,20,20,20
5,40,20,0,40,0,5,0,0,0,40,60,4,0,0,0,100,0
3,70,15,7,8,0,5,0,2,8,15,75,5,0,5,5,0,90
4,3,6,17,42,32,4,4,15,38,31,12,2,2,55,29,11,3
5,8,8,11,17,56,5,0,0,0,100,0,2,0,45,55,0,0
4,12,18,17,43,10,4,0,2,9,39,50,4,0,0,17,47,36
4,50,5,10,30,5,3,10,20,30,5,35,3,10,5,35,50,0
1,100,0,0,0,0,4,0,0,0,100,0,NA,50,0,50,0,0
3,31,15,7,37,10,3,10,15,16,24,35,3,9,4,87,0,0
4,33,16,17,17,17,3,33,15,10,22,20,3,2,14,35,32,17
1,80,5,10,2,3,4,0,5,20,74,1,5,0,0,5,25,70
1,0,0,0,0,0,1,0,0,0,0,0,NA,0,0,0,0,0
5,99,1,0,0,0,4,34,20,46,0,0,5,63,37,0,0,0
5,0,0,5,15,80,NA,0,0,0,0,100,2,0,20,20,30,30
4,3,2,0,92,3,4,0,0,1,99,0,2,0,100,0,0,0
4,50,0,0,40,10,5,0,0,0,50,50,2,0,100,0,0,0
5,18,29,10,21,22,3,16,10,23,21,30,3,24,21,6,11,38
4,5,3,6,33,53,3,0,11,12,15,62,1,64,21,11,4,0
1,19,24,32,25,0,3,0,16,33,22,29,1,28,0,0,28,44
4,20,10,10,30,30,4,0,20,20,50,10,3,0,0,25,25,50
5,0,0,0,0,100,4,0,0,0,100,0,2,0,0,10,15,75
5,0,0,0,0,100,NA,0,0,0,0,100,2,0,50,50,0,0
2,50,20,10,10,10,4,10,15,15,20,40,4,0,10,15,25,50
5,0,0,0,0,100,5,0,0,0,0,100,1,0,0,0,0,100
3,18,18,18,46,0,4,9,13,32,46,0,2,0,16,25,37,22
2,30,10,40,5,15,5,0,0,0,60,40,3,0,100,0,0,0
4,5,5,5,15,70,3,5,10,25,30,30,3,5,15,15,35,30
5,10,10,20,25,35,4,3,27,30,35,5,5,0,10,20,50,20
4,0,0,0,85,15,4,0,0,0,95,5,1,60,40,0,0,0
1,80,10,6,3,1,5,5,5,5,5,80,5,98,1,1,0,0
1,39,13,48,0,0,5,2,0,4,44,50,1,42,58,0,0,0
1,15,35,50,0,0,1,35,61,4,0,0,1,100,0,0,0,0
1,100,0,0,0,0,4,0,19,50,20,11,4,5,0,16,36,43
1,50,10,10,10,20,4,10,10,60,10,10,3,30,50,10,10,0
4,27,29,17,20,7,3,2,3,35,60,0,3,41,8,51,0,0
NA,96,4,0,0,0,5,94,6,0,0,0,5,87,13,0,0,0
5,15,10,10,24,41,5,0,13,18,11,58,1,11,11,15,19,44
4,5,15,50,30,0,4,0,25,25,50,0,5,0,0,0,100,0
5,25,0,50,0,25,5,5,0,0,80,15,3,50,25,25,0,0
4,53,47,0,0,0,4,50,29,0,21,0,1,44,12,44,0,0
1,100,0,0,0,0,4,0,0,0,100,0,2,26,74,0,0,0
5,0,0,0,0,100,3,0,0,100,0,0,2,0,100,0,0,0
3,27,0,73,0,0,NA,24,28,31,17,0,3,21,37,42,0,0
5,18,8,0,11,63,2,78,22,0,0,0,2,0,100,0,0,0
5,2,4,7,11,76,5,2,2,0,4,92,5,2,2,0,10,86
3,80,0,0,20,0,4,38,0,26,36,0,3,26,29,14,23,8
2,60,20,10,5,5,4,85,15,0,0,0,2,75,25,0,0,0
3,0,100,0,0,0,4,0,0,0,100,0,1,100,0,0,0,0
3,0,0,100,0,0,5,0,0,0,100,0,5,0,0,0,0,100
3,100,0,0,0,0,5,0,0,0,0,100,5,0,0,100,0,0
5,0,0,20,25,55,5,0,2,8,35,55,3,0,8,15,27,50
5,25,7,12,43,13,4,14,12,0,22,52,2,0,0,0,0,0
1,14,25,22,23,16,3,6,21,22,29,22,3,24,13,20,7,36
5,0,1,3,6,90,4,0,0,0,100,0,3,0,0,0,63,37
1,80,0,0,0,20,2,0,0,50,0,50,1,80,0,20,0,0
4,0,0,0,59,41,5,0,0,0,44,56,2,85,15,0,0,0
5,0,10,5,22,63,5,0,0,0,22,78,2,16,84,0,0,0
1,98,2,0,0,0,NA,0,0,0,0,100,1,0,0,1,99,0
5,0,0,6,36,58,5,0,0,0,31,69,5,0,0,0,50,50
NA,30,30,30,10,0,4,10,10,30,30,20,5,60,10,10,10,10
5,10,15,5,50,20,5,0,0,0,0,100,1,80,0,0,5,15
NA,100,0,0,0,0,1,100,0,0,0,0,1,100,0,0,0,0
5,0,5,5,0,90,4,0,0,0,100,0,5,0,0,50,0,50
3,31,24,23,13,9,5,0,0,0,0,100,2,14,69,17,0,0
5,0,23,0,0,77,4,0,0,0,29,71,3,0,0,0,24,76
4,0,0,0,15,85,5,0,0,0,18,82,NA,0,69,31,0,0
5,0,0,5,50,45,4,0,0,0,36,64,2,0,0,100,0,0
5,0,0,0,83,17,5,0,0,0,30,70,3,0,0,0,70,30
4,25,15,15,30,15,4,0,0,40,50,10,2,0,40,30,20,10
2,0,50,14,22,14,4,0,14,41,45,0,2,0,100,0,0,0
4,2,3,5,5,85,NA,1,2,2,20,75,NA,0,15,5,10,70
5,12,18,17,16,37,5,0,6,8,22,64,2,15,42,20,18,5
1,100,0,0,0,0,1,75,25,0,0,0,1,90,10,0,0,0
5,25,10,5,0,60,4,0,5,10,75,10,5,0,0,30,30,40
4,11,18,24,16,31,3,25,22,19,21,13,2,20,16,13,18,33
3,18,26,26,14,16,3,20,19,32,11,18,3,13,28,20,16,23
4,25,25,10,20,20,3,0,25,25,25,25,2,25,25,50,0,0
4,3,20,26,26,25,5,0,21,31,42,6,2,8,56,29,7,0
4,2,5,5,50,38,NA,0,0,0,0,100,5,0,0,0,50,50
1,60,10,20,10,0,3,0,30,30,40,0,3,20,10,60,10,0
4,0,0,0,100,0,5,0,0,0,0,100,1,50,50,0,0,0
5,20,20,20,20,20,4,10,0,25,35,30,2,10,80,10,0,0
4,10,20,10,20,40,5,11,23,5,27,34,3,49,20,14,9,8
5,30,10,20,20,20,5,0,20,10,30,40,4,0,10,30,40,20
1,5,15,50,20,10,2,2,5,33,30,30,1,10,10,0,0,80
4,44,43,13,0,0,3,32,31,32,5,0,5,38,28,28,6,0
2,100,0,0,0,0,5,0,0,0,100,0,2,0,0,100,0,0
3,0,4,96,0,0,5,0,0,0,0,100,1,0,100,0,0,0
2,86,9,0,0,5,4,0,25,51,0,24,3,15,34,0,10,41
5,0,10,30,0,60,5,0,0,0,50,50,4,0,0,80,20,0
2,0,100,0,0,0,5,0,0,0,100,0,2,0,100,0,0,0
5,1,0,0,0,99,5,0,0,0,1,99,3,10,25,50,15,0
1,47,23,6,17,7,3,0,0,0,100,0,4,14,60,16,10,0
3,41,48,11,0,0,4,11,5,19,25,40,3,15,13,37,35,0
4,65,35,0,0,0,4,96,4,0,0,0,5,8,92,0,0,0
5,20,20,20,10,30,5,0,20,20,10,50,2,0,90,10,0,0
4,0,0,0,0,100,5,0,0,0,100,0,1,0,15,0,61,24
3,31,16,7,34,12,4,4,17,33,40,6,2,14,74,12,0,0
5,20,20,10,30,20,4,20,20,10,20,30,2,20,20,20,20,20
4,0,0,0,100,0,5,0,0,0,100,0,3,0,50,50,0,0
4,10,10,20,39,21,5,0,0,33,41,26,2,12,68,20,0,0
4,4,14,23,54,5,5,0,0,0,8,92,4,0,0,0,100,0
4,14,7,10,42,27,NA,17,19,18,30,16,2,11,74,10,2,3
5,0,20,20,30,30,5,20,20,20,20,20,5,40,0,0,0,60
5,12,12,13,38,25,5,6,9,12,28,45,3,25,17,18,21,19
3,75,0,20,5,0,5,0,0,0,20,80,5,0,0,0,0,100
NA,100,0,0,0,0,5,100,0,0,0,0,NA,50,50,0,0,0
2,10,50,30,10,0,5,0,0,10,80,10,2,10,50,10,20,10
3,70,0,0,15,15,4,0,0,0,0,100,1,90,0,10,0,0
4,20,35,10,35,0,4,11,9,0,40,40,2,84,16,0,0,0
4,10,10,25,35,20,4,5,20,30,35,10,4,10,10,25,30,25
5,15,6,15,27,37,5,0,0,20,25,55,4,20,5,35,25,15
5,33,11,4,23,29,4,7,22,0,0,71,1,25,46,18,10,1
5,50,50,0,0,0,5,0,0,0,0,100,4,0,0,0,100,0
5,0,0,0,0,100,5,0,0,0,0,100,1,100,0,0,0,0
5,28,20,0,33,19,4,4,0,10,16,70,2,0,100,0,0,0
5,0,0,0,100,0,5,0,0,0,0,100,1,20,0,80,0,0
1,50,40,0,10,0,5,0,0,0,0,100,2,0,0,0,0,100
5,50,0,20,20,10,5,40,0,20,20,20,3,50,30,10,5,5
3,43,33,24,0,0,5,0,7,18,29,46,4,0,27,32,41,0
3,66,34,0,0,0,4,65,11,24,0,0,1,0,0,100,0,0
5,0,0,0,0,100,3,0,0,0,50,50,2,0,70,30,0,0
5,2,3,3,12,80,5,0,0,2,7,91,2,17,83,0,0,0
5,3,10,10,66,11,4,3,4,3,52,38,4,0,2,3,2,93
3,100,0,0,0,0,5,0,0,0,0,100,2,0,100,0,0,0
1,47,53,0,0,0,1,0,100,0,0,0,1,100,0,0,0,0
3,50,20,10,20,0,2,20,20,25,35,0,1,20,20,20,20,20
NA,0,10,10,0,80,NA,5,5,5,25,60,NA,0,0,5,20,75
3,60,30,10,0,0,4,0,10,0,90,0,5,0,20,0,0,80
4,11,18,29,25,17,4,3,13,37,34,13,1,87,8,2,1,2
4,0,10,12,15,63,4,3,6,0,37,54,1,72,28,0,0,0
5,10,19,0,34,37,4,0,18,36,46,0,2,26,74,0,0,0
1,6,13,72,2,7,3,7,15,42,7,29,2,4,14,38,32,12
NA,0,0,0,0,100,NA,0,0,25,75,0,4,0,50,50,0,0
5,26,14,29,31,0,4,3,24,12,34,27,2,18,36,21,9,16
1,50,0,0,0,50,4,75,0,0,15,10,5,0,0,0,0,100
5,0,0,0,100,0,5,0,0,0,0,100,1,100,0,0,0,0
1,100,0,0,0,0,2,0,100,0,0,0,1,100,0,0,0,0
4,10,5,5,50,30,4,5,5,10,30,50,5,0,70,10,10,10
1,100,0,0,0,0,NA,0,80,0,0,20,1,100,0,0,0,0
3,0,0,100,0,0,3,0,0,100,0,0,4,0,0,0,100,0
3,20,20,60,0,0,5,0,0,0,80,20,4,0,0,80,20,0
1,70,18,10,0,2,4,0,0,0,0,100,4,0,0,0,100,0
2,10,60,0,20,10,4,0,30,0,0,70,4,0,0,0,100,0
4,9,14,14,58,5,5,4,8,16,24,48,2,19,26,23,20,12
1,10,0,0,90,0,2,100,0,0,0,0,5,80,0,0,0,20
5,26,15,0,10,49,4,10,0,0,60,30,4,20,0,40,30,10
4,10,5,15,5,65,5,10,3,25,50,12,5,0,20,30,10,40
4,32,19,25,6,18,3,21,21,12,32,14,4,35,26,14,8,17
5,0,0,0,0,100,5,0,0,0,0,100,1,100,0,0,0,0
NA,50,50,0,0,0,4,0,0,0,0,100,1,100,0,0,0,0
2,16,26,19,19,20,4,6,18,26,26,24,1,6,80,14,0,0
1,79,4,5,8,4,4,0,1,2,88,9,2,0,84,16,0,0
1,100,0,0,0,0,3,0,0,100,0,0,4,0,50,50,0,0
5,10,0,10,0,80,5,0,10,0,10,80,4,10,10,30,30,20
2,10,10,50,30,0,5,0,0,0,0,100,4,50,0,0,0,50
1,70,0,5,25,0,4,10,0,0,90,0,5,10,0,0,60,30
5,10,10,15,30,35,4,5,10,25,50,10,3,5,15,20,35,25
4,0,0,0,100,0,NA,0,0,0,0,100,4,0,0,100,0,0
4,4,0,23,72,1,5,0,0,0,12,88,4,0,0,0,51,49
3,63,26,11,0,0,4,0,0,27,66,7,5,0,0,0,17,83
5,20,20,10,30,20,5,5,10,10,30,45,3,0,50,40,10,0
3,20,22,14,17,27,NA,5,5,5,20,65,NA,70,30,0,0,0
1,10,10,10,0,70,4,10,10,20,10,50,4,10,20,30,30,10
5,30,20,0,0,50,5,0,0,0,0,100,5,0,0,0,0,100
5,0,0,0,10,90,5,0,0,0,50,50,2,25,25,25,0,25
5,0,3,3,33,61,4,2,2,10,66,20,3,2,17,29,22,30
NA,23,25,24,9,19,4,0,13,22,63,2,5,20,18,14,20,28
4,20,30,30,0,20,4,0,50,50,0,0,4,0,50,50,0,0
NA,7,21,36,35,1,3,0,29,62,9,0,2,7,93,0,0,0
2,38,36,26,0,0,5,0,0,0,79,21,5,0,0,0,0,100
4,20,10,10,10,50,5,0,0,10,20,70,5,80,0,0,0,20
5,0,0,0,0,100,5,0,0,0,0,100,4,0,0,0,100,0
5,27,15,43,15,0,NA,0,35,41,22,2,5,0,0,0,3,97
5,0,0,80,0,20,5,0,0,0,20,80,1,100,0,0,0,0
4,0,10,12,34,44,5,0,6,12,28,54,2,0,46,26,16,12
3,90,0,10,0,0,1,0,0,0,100,0,5,0,0,0,100,0
5,80,10,5,5,0,5,0,15,30,35,20,1,70,5,5,0,20
5,30,0,0,70,0,5,0,0,0,10,90,4,0,0,0,20,80
5,10,0,0,20,70,5,0,10,10,20,60,4,10,10,10,60,10
1,35,10,0,15,40,2,0,25,0,75,0,1,0,65,10,20,5
5,0,0,0,0,100,5,0,0,0,84,16,2,1,99,0,0,0
3,39,21,14,16,10,4,17,15,14,25,29,4,26,18,13,28,15
4,64,5,10,15,6,5,20,10,0,0,70,2,50,0,10,30,10
1,50,17,17,3,13,5,0,0,0,70,30,5,0,0,0,35,65
NA,0,0,0,0,100,5,0,0,0,0,100,NA,0,100,0,0,0
1,100,0,0,0,0,2,100,0,0,0,0,5,100,0,0,0,0
5,10,30,20,20,20,5,20,20,30,20,10,5,20,20,10,30,20
5,5,20,10,40,25,3,0,10,10,50,30,3,10,10,50,20,10
4,20,10,30,20,20,3,20,10,20,25,25,4,20,20,20,25,15
5,0,0,0,0,100,5,0,15,0,40,45,1,100,0,0,0,0
4,30,20,10,30,10,4,15,10,30,35,10,2,0,75,25,0,0
1,11,11,11,30,37,1,0,27,73,0,0,1,59,41,0,0,0
3,47,46,7,0,0,3,34,25,34,7,0,3,9,0,46,45,0
5,6,17,0,0,77,5,0,15,0,0,85,5,0,0,0,37,63
3,20,20,20,25,15,3,0,28,10,32,30,3,60,8,11,8,13
5,30,10,10,10,40,5,0,0,0,20,80,4,0,20,20,20,40
4,22,14,11,20,33,2,14,22,38,17,9,1,82,12,4,2,0
5,0,0,0,0,100,NA,0,0,0,0,100,2,10,20,30,30,10
NA,10,15,15,50,10,4,5,25,60,10,0,2,5,50,30,11,4
4,36,25,21,18,0,NA,41,39,20,0,0,2,33,0,0,0,67
1,85,10,5,0,0,4,0,0,0,90,10,3,30,0,50,20,0
5,10,0,10,40,40,5,0,0,0,20,80,3,0,20,80,0,0
1,30,20,30,10,10,2,5,40,25,20,10,4,0,5,20,25,50
5,0,0,0,19,81,5,0,0,0,100,0,5,0,0,0,100,0
5,70,10,5,5,10,5,10,40,30,10,10,2,90,1,2,2,5
3,20,15,39,18,8,4,2,3,22,41,32,4,7,17,24,45,7
5,0,11,14,55,20,4,0,17,28,55,0,4,0,0,0,24,76
1,85,10,2,0,3,1,22,13,65,0,0,1,2,20,30,10,38
5,3,7,13,25,52,5,3,0,18,40,39,4,0,9,0,52,39
2,23,19,18,24,16,NA,34,45,21,0,0,2,35,22,28,0,15
3,28,1,71,0,0,5,0,0,0,0,100,2,29,71,0,0,0
1,100,0,0,0,0,4,0,0,0,100,0,1,100,0,0,0,0
4,96,4,0,0,0,NA,100,0,0,0,0,NA,100,0,0,0,0
3,15,31,15,29,10,3,15,21,25,15,24,3,17,40,43,0,0
1,99,1,0,0,0,NA,43,42,15,0,0,2,0,15,27,37,21
1,60,20,10,5,5,1,70,30,0,0,0,1,50,20,0,20,10
5,0,5,14,23,58,5,5,17,25,30,23,1,1,99,0,0,0
5,20,18,21,10,31,4,0,7,22,68,3,1,4,13,19,33,31
5,17,7,1,59,16,4,0,0,0,100,0,3,0,0,52,0,48
5,11,21,10,45,13,NA,5,5,8,50,32,NA,11,74,8,3,4
5,19,18,0,0,63,5,0,0,0,0,100,2,0,100,0,0,0
1,50,15,10,10,15,3,5,40,25,15,15,4,0,0,30,50,20
1,14,8,16,50,12,4,0,0,0,65,35,2,0,100,0,0,0
5,0,0,0,0,100,4,50,50,0,0,0,3,100,0,0,0,0
5,0,11,0,0,89,5,0,8,0,0,92,2,0,0,12,88,0
1,100,0,0,0,0,NA,100,0,0,0,0,NA,100,0,0,0,0
5,50,8,7,35,0,4,0,32,34,34,0,4,39,41,20,0,0
2,10,50,20,10,10,4,10,20,20,50,0,2,20,20,20,20,20
4,86,14,0,0,0,5,6,33,61,0,0,2,0,0,0,0,100
1,100,0,0,0,0,4,0,3,0,83,14,2,19,14,41,26,0
5,10,10,10,20,50,5,25,25,25,10,15,2,25,25,25,10,15
1,2,3,6,40,49,4,6,8,9,65,12,5,1,10,14,25,50
1,100,0,0,0,0,3,0,0,50,50,0,1,80,20,0,0,0
5,0,0,0,10,90,4,0,0,0,0,100,1,20,80,0,0,0
5,11,0,0,0,89,5,0,0,0,0,100,5,0,22,12,31,35
2,20,29,17,6,28,4,3,15,25,28,29,4,5,18,25,22,30
4,0,0,20,20,60,4,0,0,0,100,0,2,0,75,25,0,0
3,50,20,10,10,10,2,20,20,20,20,20,2,20,10,20,30,20
3,20,33,43,4,0,NA,37,26,15,19,3,NA,24,41,8,7,20
4,60,25,10,4,1,5,2,3,15,40,40,4,5,10,20,40,25
4,26,32,22,11,9,NA,9,18,24,30,19,2,8,29,14,21,28
5,0,0,0,0,100,5,0,0,0,0,100,4,0,0,0,0,100
3,0,0,100,0,0,3,0,0,100,0,0,3,0,0,0,0,100
NA,0,0,0,0,100,4,100,0,0,0,0,4,100,0,0,0,0
4,12,88,0,0,0,NA,19,43,38,0,0,1,21,20,29,21,9
4,12,5,13,50,20,4,0,28,17,35,20,5,79,21,0,0,0
4,10,10,20,50,10,5,5,10,20,25,40,5,25,20,40,10,5
1,100,0,0,0,0,5,0,0,0,0,100,5,0,0,0,13,87
5,0,15,0,55,30,5,0,0,0,0,100,2,25,75,0,0,0
5,0,0,0,0,100,3,0,0,100,0,0,2,0,100,0,0,0
4,5,20,20,30,25,4,0,15,40,30,15,5,5,20,50,15,10
2,30,25,25,12,8,3,0,30,35,15,20,4,0,20,20,30,30
1,30,37,33,0,0,4,0,0,45,55,0,4,0,81,19,0,0
2,20,20,20,20,20,4,30,24,32,9,5,1,31,24,15,14,16
4,24,26,11,30,9,NA,13,13,17,26,31,1,6,16,12,30,36
1,21,10,16,34,19,5,10,27,40,23,0,2,38,37,25,0,0
1,49,24,27,0,0,5,0,0,28,40,32,3,52,48,0,0,0
4,0,23,15,35,27,5,0,6,32,27,35,3,5,27,30,34,4
3,0,0,100,0,0,4,0,0,100,0,0,4,0,0,100,0,0
5,4,4,0,19,73,5,2,12,24,42,20,3,0,6,21,43,30
5,28,25,25,13,9,4,0,0,22,25,53,5,0,0,0,40,60
NA,0,30,0,70,0,NA,0,0,0,100,0,NA,0,80,20,0,0
2,60,10,10,10,10,4,0,10,20,60,10,3,0,20,40,20,20
5,0,0,0,0,100,4,0,0,0,86,14,4,0,0,0,85,15
5,55,5,0,30,10,5,5,0,0,95,0,2,70,30,0,0,0
1,0,0,0,0,0,2,0,0,0,0,0,1,0,0,0,0,0
1,22,10,18,25,25,4,10,15,28,42,5,3,7,9,41,27,16
NA,9,18,8,33,32,NA,6,15,5,20,54,NA,13,22,6,27,32
4,20,11,31,20,18,3,9,22,35,15,19,3,11,27,32,17,13
3,67,0,8,25,0,4,0,0,20,75,5,4,0,10,20,60,10
5,30,20,10,30,10,5,5,20,50,10,15,4,5,40,30,20,5
1,60,10,10,10,10,4,0,0,0,100,0,1,0,0,0,0,100
1,98,2,0,0,0,2,18,70,12,0,0,2,21,79,0,0,0
5,12,8,10,33,37,4,0,0,10,48,42,2,0,31,28,22,19
3,0,0,100,0,0,5,0,0,0,0,100,5,0,0,0,0,100
2,67,11,22,0,0,5,0,0,0,0,100,5,0,0,0,100,0
5,0,28,33,39,0,5,0,4,21,75,0,5,25,10,0,0,65
5,0,10,0,20,70,5,0,0,10,10,80,3,0,0,20,80,0
4,5,0,0,95,0,NA,0,0,31,69,0,2,19,0,0,81,0
4,0,0,40,51,9,4,0,0,0,90,10,2,0,100,0,0,0
5,0,0,0,20,80,5,0,0,50,25,25,5,0,0,70,20,10
4,24,22,39,13,2,3,26,49,12,13,0,3,37,34,24,5,0
4,36,10,35,14,5,3,0,10,20,25,45,2,34,66,0,0,0
1,0,0,0,0,0,1,0,0,0,0,0,1,0,0,0,0,0
NA,0,0,100,0,0,NA,100,0,0,0,0,NA,100,0,0,0,0
4,15,26,25,20,14,4,11,7,19,26,37,5,9,14,15,26,36
1,80,20,0,0,0,5,0,0,0,30,70,2,0,20,0,0,80
2,10,20,10,10,50,5,0,0,0,40,60,4,0,0,0,40,60
4,30,20,20,20,10,5,0,10,15,65,10,2,15,40,20,15,10
4,8,21,15,30,26,3,10,25,27,28,10,4,23,28,24,15,10
5,10,10,10,0,70,4,0,0,20,10,70,2,0,68,0,32,0
1,100,0,0,0,0,1,0,0,100,0,0,1,25,25,0,0,50
1,100,0,0,0,0,3,28,65,0,7,0,2,0,68,32,0,0
4,10,10,61,10,9,5,4,8,6,16,66,2,0,70,10,10,10
NA,22,22,21,12,23,4,29,22,22,14,13,NA,20,20,20,20,20
NA,100,0,0,0,0,2,50,50,0,0,0,1,100,0,0,0,0
4,20,20,20,20,20,4,20,20,20,20,20,2,20,20,20,20,20
4,20,20,20,20,20,5,20,25,40,15,0,3,20,15,25,15,25
4,0,30,20,50,0,1,0,100,0,0,0,1,100,0,0,0,0
4,22,31,22,25,0,5,5,10,32,17,36,2,20,47,33,0,0
4,0,0,0,75,25,NA,0,0,0,0,100,3,0,0,50,25,25
4,10,5,5,60,20,5,1,5,15,29,50,3,1,30,30,30,9
3,18,13,12,0,57,NA,29,38,31,2,0,NA,44,23,0,33,0
1,50,20,20,10,0,2,0,50,25,25,0,1,75,25,0,0,0
1,60,10,0,10,20,NA,0,0,0,0,100,2,0,0,0,0,0
5,15,6,11,28,40,4,15,2,17,50,16,2,49,28,8,15,0
1,74,8,18,0,0,3,4,4,9,0,83,2,4,96,0,0,0
4,0,0,0,100,0,5,0,0,0,100,0,4,0,0,0,100,0
NA,10,10,20,0,60,NA,10,0,0,50,40,NA,75,25,0,0,0
1,100,0,0,0,0,2,0,100,0,0,0,1,100,0,0,0,0
3,31,37,17,6,9,3,4,3,56,15,22,4,3,19,13,65,0
4,0,0,0,100,0,5,0,0,20,80,0,4,0,15,30,55,0
5,10,17,32,22,19,5,0,0,0,0,100,NA,0,0,0,0,100
2,58,35,7,0,0,2,20,42,38,0,0,1,27,45,18,7,3
4,0,0,4,22,74,4,11,0,0,89,0,3,15,37,48,0,0
3,63,32,4,1,0,NA,0,0,0,0,100,5,0,0,0,0,100
1,100,0,0,0,0,4,0,0,0,100,0,5,0,0,0,1,99
5,0,0,0,0,100,4,0,0,0,85,15,1,100,0,0,0,0
4,0,0,0,56,44,5,0,0,0,0,100,2,0,100,0,0,0
5,0,0,0,0,100,4,0,0,0,100,0,3,0,0,100,0,0
1,70,20,4,5,1,2,1,30,9,10,50,4,1,19,20,40,20
NA,5,20,15,50,10,NA,0,13,67,20,0,NA,0,5,0,20,75
1,48,15,9,28,0,4,6,29,55,10,0,2,19,81,0,0,0
2,67,33,0,0,0,5,0,0,0,1,99,2,0,0,100,0,0
NA,100,0,0,0,0,2,0,100,0,0,0,1,100,0,0,0,0
5,0,20,10,10,60,5,4,6,9,35,46,5,0,6,16,58,20
4,0,0,0,2,98,NA,0,0,0,0,100,3,0,0,98,2,0
2,100,0,0,0,0,NA,0,23,30,25,22,NA,80,20,0,0,0
4,25,25,25,20,5,5,0,0,0,50,50,4,0,0,0,50,50
5,50,15,10,10,15,4,50,15,10,5,20,2,50,50,0,0,0
NA,86,14,0,0,0,5,0,10,25,41,24,2,2,48,36,7,7
4,0,0,0,90,10,5,0,0,0,0,100,2,0,80,20,0,0
5,5,7,2,39,47,5,0,3,3,25,69,1,100,0,0,0,0
1,0,100,0,0,0,2,99,1,0,0,0,1,98,2,0,0,0
2,89,4,3,2,2,5,0,0,0,0,100,5,0,0,0,25,75
1,25,10,50,5,10,4,5,20,60,10,5,4,0,10,50,20,20
1,100,0,0,0,0,2,0,100,0,0,0,2,0,100,0,0,0
5,16,26,7,8,43,4,0,31,43,23,3,1,6,8,26,41,19
5,22,46,12,10,10,5,11,23,33,20,13,2,49,27,14,5,5
2,18,18,43,13,8,5,9,15,14,28,34,2,31,25,17,24,3
5,15,25,1,26,33,5,6,9,9,30,46,2,0,17,21,24,38
5,0,0,0,0,100,5,0,0,0,0,0,3,0,0,0,0,0
5,21,15,18,0,46,5,7,13,28,24,28,2,43,21,14,12,10
3,49,36,15,0,0,5,31,31,31,7,0,1,0,26,26,28,20
3,50,0,30,10,10,5,0,0,0,10,90,4,0,0,10,90,0
5,10,5,0,0,85,4,10,10,0,70,10,5,30,0,0,0,70
4,0,0,0,100,0,5,0,0,0,0,100,5,0,0,0,0,100
5,10,10,0,30,50,5,0,0,10,20,70,4,22,28,36,12,2
2,20,20,30,10,20,5,0,0,0,0,100,5,0,0,0,30,70
1,40,10,10,20,20,5,17,10,30,3,40,1,10,20,10,10,50
NA,4,10,50,0,36,2,100,0,0,0,0,1,64,22,14,0,0
3,30,22,36,5,7,5,0,20,26,20,34,3,0,56,19,17,8
1,50,20,10,10,10,5,10,20,10,30,30,2,20,20,20,20,20
4,10,15,21,33,21,5,0,0,10,31,59,3,0,16,23,43,18
4,41,30,11,11,7,4,2,4,13,32,49,3,6,30,29,22,13
3,14,13,33,40,0,4,2,0,0,0,98,4,0,0,100,0,0
3,40,60,0,0,0,NA,0,0,100,0,0,2,0,60,20,20,0
NA,100,0,0,0,0,5,0,6,4,22,68,2,0,7,10,83,0
5,0,10,0,70,20,NA,0,30,50,20,0,5,0,10,40,30,20
5,0,0,0,0,100,5,5,5,0,80,10,1,40,10,50,0,0
NA,10,0,0,10,80,4,0,0,10,10,80,NA,80,20,0,0,0
1,10,10,0,10,70,4,0,0,0,26,74,5,0,0,45,42,13
1,100,0,0,0,0,2,0,100,0,0,0,1,100,0,0,0,0
5,5,10,10,0,75,NA,2,2,12,35,49,1,0,0,0,0,0
5,25,0,25,0,50,4,10,0,40,50,0,1,90,0,0,0,10
4,2,9,12,57,20,5,0,0,0,4,96,2,12,30,25,26,7
3,60,20,10,5,5,4,50,30,15,5,0,5,50,25,10,5,10
4,45,28,0,10,17,4,47,20,20,0,13,4,47,39,0,14,0
1,100,0,0,0,0,3,0,0,100,0,0,5,0,0,0,100,0
1,50,25,20,5,0,3,20,20,20,20,20,1,90,0,0,0,10
1,90,10,0,0,0,2,0,100,0,0,0,1,100,0,0,0,0
4,10,20,30,40,0,5,0,5,10,30,55,4,5,10,20,35,30
2,70,25,2,2,1,4,0,20,30,50,0,5,0,0,10,10,80
5,10,10,5,15,60,5,0,0,0,5,95,4,10,10,10,55,15
5,0,1,5,14,80,5,0,0,0,5,95,5,0,0,0,0,100
5,10,10,30,10,40,5,0,0,20,20,60,3,10,30,20,30,10
2,20,60,20,0,0,4,0,0,0,80,20,2,0,100,0,0,0
2,75,0,0,5,20,5,0,0,0,0,100,1,90,10,0,0,0
3,0,20,0,0,80,4,0,0,0,100,0,3,0,0,100,0,0
4,0,0,0,100,0,5,0,0,0,100,0,5,0,0,0,0,100
5,0,0,0,0,100,4,0,0,0,100,0,3,0,35,50,10,5
5,0,20,0,80,0,5,0,0,0,100,0,2,0,0,0,100,0
4,80,20,0,0,0,5,0,0,0,20,80,2,0,60,0,0,40
NA,5,40,0,55,0,4,0,0,0,100,0,5,0,0,0,70,30
5,0,10,10,5,75,4,0,0,0,75,25,3,0,25,75,0,0
1,21,32,9,14,24,5,6,19,24,33,18,2,4,59,21,9,7
4,50,50,0,0,0,4,0,0,0,100,0,2,0,100,0,0,0
5,10,15,5,30,40,4,5,10,15,70,0,4,0,10,10,70,10
1,100,0,0,0,0,5,0,0,0,0,100,1,100,0,0,0,0
2,0,100,0,0,0,4,0,0,0,100,0,1,100,0,0,0,0
4,1,11,17,24,47,4,0,0,14,27,59,2,26,69,5,0,0
4,20,20,20,20,20,4,10,20,20,25,25,3,20,10,20,25,25
4,1,1,1,97,0,5,0,0,0,97,3,2,1,49,50,0,0
5,1,14,0,25,60,5,0,0,10,27,63,5,0,4,11,26,59
NA,0,0,0,0,100,4,0,0,0,100,0,4,0,0,0,100,0
3,94,6,0,0,0,4,73,27,0,0,0,4,100,0,0,0,0
1,15,15,50,5,15,2,5,20,10,10,55,2,5,10,5,5,75
4,11,29,5,20,35,5,6,0,10,24,60,5,0,10,20,41,29
4,30,3,18,0,49,5,1,6,8,36,49,1,70,5,13,10,2
4,0,0,40,60,0,4,0,10,30,60,0,4,0,0,60,40,0
NA,0,0,10,60,30,5,0,0,0,0,100,2,100,0,0,0,0
2,15,5,10,15,55,5,0,0,0,0,100,2,0,80,15,5,0
3,23,30,26,14,7,NA,3,13,19,50,15,1,64,7,7,7,15
5,0,0,26,0,74,5,0,0,0,0,100,5,0,0,0,23,77
3,30,20,15,35,0,5,5,10,30,55,0,2,40,35,10,5,10
5,70,30,0,0,0,5,0,0,100,0,0,1,100,0,0,0,0
5,15,0,25,45,15,4,5,10,15,55,15,2,15,60,15,5,5
NA,10,4,44,42,0,1,0,24,24,52,0,2,47,0,0,53,0
3,100,0,0,0,0,2,99,0,0,0,1,3,100,0,0,0,0
4,40,0,0,0,60,4,0,0,50,0,50,4,0,0,22,0,78
NA,50,20,20,10,0,NA,0,0,15,85,0,NA,0,0,0,0,100
NA,60,26,9,1,4,2,0,5,21,37,37,2,0,0,0,0,0
3,23,13,25,31,8,2,0,11,24,28,37,3,12,7,17,53,11
NA,56,0,0,29,15,NA,0,0,25,75,0,1,85,15,0,0,0
5,0,0,0,0,100,5,0,0,0,7,93,5,8,10,41,22,19
2,19,25,45,0,11,2,65,35,0,0,0,3,0,0,0,0,100
5,10,10,15,25,40,4,5,20,20,30,25,5,10,30,25,20,15
4,7,8,21,41,23,5,0,0,0,47,53,4,0,100,0,0,0
4,0,0,0,72,28,NA,50,0,0,0,50,NA,0,0,0,0,0
5,20,30,50,0,0,5,0,0,0,0,100,4,0,0,0,90,10
1,7,11,16,21,45,4,0,3,7,35,55,5,1,3,23,32,41
2,24,18,36,22,0,NA,9,17,23,44,7,NA,18,18,31,24,9
4,22,22,16,16,24,4,15,19,19,27,20,3,23,15,15,17,30
NA,0,0,0,100,0,NA,10,32,27,18,13,1,100,0,0,0,0
4,0,0,0,84,16,NA,0,0,0,100,0,5,0,0,0,0,100
5,0,0,0,0,100,4,0,0,0,49,51,4,0,0,0,100,0
5,9,13,4,18,56,5,0,4,12,52,32,5,0,4,15,45,36
4,20,30,20,30,0,4,10,30,40,20,0,4,20,10,20,30,20
NA,5,1,20,2,72,4,0,0,0,100,0,1,100,0,0,0,0
3,38,14,13,16,19,4,5,0,0,9,86,4,10,20,21,26,23
5,0,0,10,0,90,5,0,0,0,10,90,4,0,0,10,15,75
5,5,0,0,23,72,5,0,0,0,25,75,5,0,40,25,15,20
3,9,12,14,28,37,4,3,9,14,42,32,2,3,84,8,5,0
1,17,30,53,0,0,4,11,24,54,11,0,2,3,84,7,4,2
5,0,0,0,0,100,4,0,0,0,15,85,2,0,100,0,0,0
5,70,30,0,0,0,5,20,30,30,20,0,5,0,30,20,10,40
4,20,20,20,20,20,4,20,20,20,20,20,4,20,20,20,20,20
5,10,0,10,10,70,5,0,0,0,80,20,3,0,0,80,20,0
1,100,0,0,0,0,2,0,0,0,0,100,1,0,0,0,100,0
2,20,30,20,15,15,4,10,15,20,20,35,4,10,20,20,25,25
4,16,14,55,15,0,5,0,0,0,4,96,4,0,95,5,0,0
5,0,0,0,63,37,5,0,0,24,43,33,4,0,0,48,52,0
5,51,49,0,0,0,5,5,0,49,46,0,2,46,54,0,0,0
3,0,0,100,0,0,NA,0,0,0,0,100,NA,100,0,0,0,0
3,0,0,100,0,0,5,0,0,100,0,0,4,45,55,0,0,0
4,30,20,20,10,20,5,0,0,0,70,30,5,0,0,30,60,10
5,20,20,20,20,20,5,20,20,20,20,20,5,20,20,20,20,20
NA,20,16,8,23,33,4,0,0,0,19,81,4,0,0,0,60,40
5,0,10,20,50,20,5,0,0,13,53,34,4,1,5,34,50,10
3,10,13,0,62,15,4,10,0,0,43,47,5,10,13,9,23,45
1,10,5,10,45,30,3,5,45,10,0,40,5,10,0,0,0,90
1,98,0,0,0,2,4,0,0,26,74,0,4,0,0,0,50,50
5,7,9,10,21,53,5,6,6,12,24,52,2,10,15,11,24,40
NA,13,31,25,11,20,4,7,18,16,17,42,3,13,19,21,30,17
4,20,0,0,60,20,5,0,0,0,10,90,5,20,20,0,0,60
4,10,20,10,30,30,4,2,5,13,60,20,4,5,10,50,20,15
1,85,5,5,5,0,3,40,20,20,5,15,2,40,30,10,5,15
5,19,26,14,20,21,4,16,20,14,28,22,5,26,23,17,22,12
2,9,9,44,18,20,2,4,13,13,27,43,1,21,9,28,29,13
4,50,50,0,0,0,NA,0,10,20,50,20,5,0,25,25,25,25
4,18,24,13,24,21,3,2,18,50,18,12,2,17,12,32,39,0
2,5,20,0,0,75,4,0,5,0,80,15,5,5,0,0,0,95
4,10,5,0,70,15,5,5,10,10,50,25,2,5,10,10,60,15
5,0,0,0,0,100,5,0,0,5,20,75,1,0,0,0,0,100
2,6,45,34,10,5,3,10,10,52,15,13,1,58,9,16,5,12
5,4,16,3,31,46,5,0,0,5,20,75,2,4,45,26,17,8
5,0,0,0,0,100,5,0,0,0,0,100,5,0,0,0,100,0
5,10,5,5,10,70,4,0,5,10,75,10,2,10,15,15,20,40
4,60,0,8,3,29,4,25,25,25,25,0,3,39,33,28,0,0
3,13,7,24,12,44,4,13,19,10,31,27,3,38,25,19,18,0
2,35,49,5,11,0,4,13,0,17,24,46,5,0,0,0,36,64
5,20,32,13,24,11,5,5,9,18,59,9,5,4,9,46,32,9
4,20,26,17,28,9,4,10,15,23,30,22,4,2,4,20,53,21
5,10,20,10,30,30,5,0,5,30,30,35,2,10,20,30,20,20
5,5,0,0,0,95,5,0,0,0,20,80,5,10,0,0,20,70
5,0,10,8,14,68,4,0,0,43,9,48,5,0,0,0,0,100
1,0,100,0,0,0,3,0,0,0,0,0,2,0,0,0,0,0
3,50,25,0,25,0,5,0,0,0,10,90,1,75,25,0,0,0
3,35,15,20,25,5,2,30,40,15,10,5,1,100,0,0,0,0
1,90,4,3,1,2,1,95,3,1,1,0,1,90,3,3,2,2
1,10,5,1,75,9,3,0,5,50,5,40,3,0,5,10,20,65
1,30,30,10,20,10,5,0,0,0,0,100,5,0,0,0,0,100
5,0,13,41,37,9,5,0,23,24,42,11,4,0,6,27,47,20
1,100,0,0,0,0,1,100,0,0,0,0,1,100,0,0,0,0
2,20,0,0,0,80,4,0,100,0,0,0,5,0,0,0,0,100
4,0,0,15,59,26,5,0,0,26,74,0,3,12,42,37,9,0
5,0,0,0,0,100,5,0,0,0,0,100,2,0,100,0,0,0
1,100,0,0,0,0,1,90,10,0,0,0,1,90,10,0,0,0
4,50,20,10,20,0,5,0,0,0,75,25,5,0,10,40,30,20
2,90,5,5,0,0,4,0,60,40,0,0,4,22,49,17,9,3
1,75,0,25,0,0,2,0,100,0,0,0,2,80,20,0,0,0
5,20,10,0,10,60,5,0,10,10,30,50,2,10,30,20,20,20
NA,49,41,10,0,0,3,0,0,65,35,0,1,100,0,0,0,0
NA,0,0,0,0,100,1,50,25,25,0,0,1,50,50,0,0,0
1,0,0,0,0,0,5,22,18,23,28,9,2,0,0,0,0,0
5,0,0,0,0,100,5,0,0,0,22,78,2,0,86,14,0,0
3,50,0,50,0,0,5,0,21,0,49,30,3,0,23,29,45,3
4,51,49,0,0,0,5,5,16,35,44,0,2,55,45,0,0,0
5,50,20,20,0,10,5,0,10,20,30,40,2,70,30,0,0,0
5,0,11,10,41,38,4,18,21,20,15,26,2,5,7,13,13,62
5,2,0,0,0,98,5,0,0,0,10,90,5,0,0,0,90,10
2,50,0,20,30,0,5,20,12,12,20,36,4,10,25,25,25,15
5,10,10,20,60,0,4,0,10,20,70,0,5,0,0,10,10,80
1,100,0,0,0,0,1,100,0,0,0,0,2,98,2,0,0,0
4,80,20,0,0,0,5,30,39,31,0,0,2,0,84,6,4,6
4,32,20,6,37,5,5,0,34,20,23,23,5,17,24,47,6,6
1,100,0,0,0,0,5,0,0,0,0,100,1,100,0,0,0,0
4,20,10,10,50,10,5,0,0,0,30,70,2,0,35,20,40,5
4,20,20,20,25,15,2,10,25,25,30,10,1,50,20,10,10,10
4,10,15,20,25,30,5,0,10,35,50,5,1,40,45,10,5,0
1,14,60,20,5,1,2,10,20,20,20,30,1,60,10,10,10,10
5,0,13,20,27,40,4,0,15,9,16,60,2,23,29,37,11,0
5,0,5,0,5,90,5,0,0,0,10,90,3,0,0,50,25,25
4,0,0,30,70,0,4,0,0,0,100,0,4,0,90,0,10,0
4,0,0,0,100,0,5,0,0,0,100,0,5,5,10,25,50,10
5,0,0,0,25,75,5,0,0,0,50,50,2,0,25,0,0,75
3,16,24,44,13,3,4,0,19,26,45,10,2,48,52,0,0,0
1,99,0,0,0,1,1,99,0,0,0,1,1,100,0,0,0,0
4,10,20,20,20,30,5,0,10,20,30,40,4,0,20,20,20,40
5,5,0,0,45,50,NA,0,20,30,20,30,2,0,100,0,0,0
4,5,0,25,0,70,3,5,0,25,25,45,4,0,10,0,40,50
5,0,0,0,100,0,5,0,0,0,50,50,5,0,0,0,16,84
5,10,20,30,15,25,5,0,10,20,60,10,5,30,0,0,0,70
1,50,30,20,0,0,2,0,20,50,30,0,2,0,0,0,30,70
2,90,5,2,2,1,5,0,0,0,80,20,NA,0,100,0,0,0
4,20,20,30,10,20,4,0,0,20,70,10,4,0,20,20,50,10
1,10,6,40,13,31,4,0,10,5,5,80,2,60,0,0,20,20
5,15,20,5,50,10,5,0,20,20,40,20,5,0,25,25,20,30
4,0,0,0,92,8,4,0,0,0,100,0,3,0,100,0,0,0
1,58,28,5,5,4,4,0,37,32,0,31,5,7,14,38,41,0
4,3,19,6,72,0,5,0,0,0,0,100,2,0,100,0,0,0
4,16,34,0,29,21,3,0,14,31,34,21,2,0,45,18,30,7
2,100,0,0,0,0,4,0,10,0,90,0,4,50,0,0,0,50
3,56,26,18,0,0,3,19,21,38,22,0,4,100,0,0,0,0
3,31,24,21,14,10,5,0,0,0,79,21,4,6,20,30,40,4
4,10,20,20,40,10,4,0,10,10,20,60,5,2,2,10,60,26
4,0,0,0,0,100,4,0,0,0,100,0,3,0,0,100,0,0
3,25,25,25,25,0,4,0,5,5,30,60,2,0,50,10,10,30
4,0,0,0,50,50,5,0,0,0,0,100,2,0,100,0,0,0
4,10,10,10,20,50,4,10,20,20,20,30,2,40,10,20,20,10
5,20,20,10,20,30,5,10,10,10,16,54,2,21,20,5,10,44
5,10,9,0,46,35,4,5,13,10,58,14,4,0,7,12,34,47
5,0,0,0,0,100,5,0,0,0,0,100,4,0,0,0,0,100
4,5,0,0,81,14,5,0,0,0,80,20,4,0,20,20,50,10
3,37,33,17,8,5,2,25,53,17,5,0,2,35,26,39,0,0
1,99,0,0,0,1,2,0,80,0,0,20,1,60,30,0,10,0
1,52,0,28,20,0,2,0,60,30,10,0,2,0,33,20,26,21
3,50,30,20,0,0,5,0,0,15,30,55,3,0,0,50,50,0
1,89,5,2,2,2,1,91,7,0,0,2,1,0,61,25,13,1
5,30,10,10,0,50,NA,5,25,0,5,65,2,5,90,0,0,5
5,5,10,10,30,45,4,2,15,23,40,20,2,0,50,50,0,0
1,20,50,30,0,0,5,0,14,30,18,38,2,0,85,0,0,15
2,15,18,45,14,8,4,0,0,9,47,44,2,52,44,4,0,0
NA,7,9,13,15,56,2,12,12,13,18,45,NA,6,5,13,10,66
5,0,0,0,0,100,4,0,0,0,70,30,4,0,100,0,0,0
NA,33,18,25,15,9,NA,3,12,28,35,22,NA,0,0,0,100,0
2,0,25,30,30,15,5,0,0,25,35,40,5,0,0,0,50,50
5,10,10,0,80,0,5,0,0,0,100,0,3,0,30,0,70,0
1,50,20,10,10,10,2,20,40,20,20,0,1,10,20,20,30,20
2,70,20,10,0,0,4,5,5,30,30,30,2,0,25,40,25,10
3,0,1,99,0,0,2,0,100,0,0,0,2,0,100,0,0,0
1,7,12,6,29,46,NA,7,0,1,11,81,2,30,18,18,24,10
1,90,0,0,10,0,5,0,0,0,0,100,1,99,1,0,0,0
4,15,13,8,57,7,4,31,0,0,69,0,5,0,0,100,0,0
1,27,13,60,0,0,2,0,10,26,33,31,1,55,45,0,0,0
4,16,23,52,9,0,4,6,16,6,15,57,4,3,10,19,22,46
1,86,5,0,7,2,3,0,0,5,75,20,1,46,34,0,20,0
4,0,0,0,55,45,5,0,7,0,60,33,5,0,0,0,57,43
5,0,17,0,2,81,5,1,2,9,24,64,5,0,19,0,0,81
4,20,0,0,80,0,4,0,0,50,50,0,1,0,0,0,0,0
4,19,50,6,9,16,4,29,51,9,11,0,4,44,8,19,29,0
3,11,0,0,0,89,3,23,24,18,17,18,1,100,0,0,0,0
2,0,0,0,27,73,4,0,7,25,59,9,1,90,10,0,0,0
1,80,0,20,0,0,3,0,60,0,40,0,5,0,0,0,0,100
1,20,10,1,32,37,2,20,25,50,5,0,2,15,30,40,10,5
4,0,0,0,100,0,4,0,0,0,100,0,5,0,0,0,0,100
4,10,20,20,30,20,NA,10,20,20,20,30,1,10,10,30,20,30
5,30,0,0,0,70,4,0,0,0,100,0,2,0,40,50,10,0
5,0,0,0,0,100,4,0,100,0,0,0,4,0,0,0,100,0
3,11,24,53,5,7,5,0,0,0,0,100,3,0,99,1,0,0
2,52,33,5,5,5,2,0,30,70,0,0,1,0,50,50,0,0
5,18,2,2,9,69,5,2,1,1,17,79,2,0,0,0,0,100
4,7,4,6,26,57,5,0,0,0,0,100,2,0,100,0,0,0
5,8,9,16,38,29,NA,1,4,4,14,77,4,0,0,4,92,4
4,40,40,20,0,0,3,18,22,12,30,18,3,16,16,30,20,18
5,0,0,0,0,100,5,0,0,0,0,100,3,0,0,0,0,100
5,30,9,6,21,34,4,0,9,45,32,14,5,0,0,30,29,41
3,0,100,0,0,0,2,0,0,0,100,0,2,0,0,100,0,0
5,0,0,0,0,100,5,0,0,0,0,100,5,0,0,0,0,100
3,54,30,11,5,0,3,0,0,100,0,0,1,0,0,0,100,0
5,0,0,0,0,100,5,0,0,0,0,100,2,50,50,0,0,0
2,20,50,0,23,7,5,0,0,11,0,89,4,0,0,0,72,28
5,10,20,10,50,10,5,0,5,5,70,20,3,10,60,30,0,0
4,15,5,0,30,50,4,5,15,30,50,0,2,35,20,20,20,5
5,7,4,5,67,17,4,3,3,47,38,9,5,4,4,3,3,86
NA,0,0,0,0,0,4,0,0,0,0,0,1,0,0,0,0,0
5,20,10,10,10,50,5,0,10,10,30,50,5,10,10,10,30,40
3,13,10,11,13,53,5,0,10,23,28,39,2,6,6,11,17,60
5,1,5,20,40,34,3,10,20,50,10,10,3,25,10,10,50,5
4,10,15,40,15,20,5,1,5,24,30,40,5,2,15,18,20,45
4,0,14,41,45,0,5,0,0,0,0,100,5,0,0,0,100,0
5,0,0,0,0,100,5,0,0,0,100,0,3,0,0,100,0,0
4,30,10,0,50,10,5,5,15,50,20,10,2,90,10,0,0,0
5,0,10,0,0,90,5,0,0,0,10,90,2,0,100,0,0,0
4,0,15,15,60,10,5,5,25,10,50,10,5,5,5,20,50,20
3,13,25,6,23,33,4,0,4,16,32,48,2,4,52,0,44,0
5,0,6,0,20,74,5,0,0,0,0,100,1,0,0,0,41,59
4,30,5,20,20,25,5,10,10,50,20,10,2,20,15,10,10,45
NA,0,0,0,50,50,5,0,0,0,0,100,4,0,0,0,50,50
3,0,0,50,50,0,5,0,0,0,30,70,2,0,0,20,80,0
1,10,16,14,21,39,5,20,20,20,16,24,5,5,7,12,19,57
5,0,0,0,0,100,4,0,0,100,0,0,2,0,100,0,0,0
4,9,10,14,29,38,5,7,10,19,29,35,2,24,32,30,10,4
2,10,10,80,0,0,2,0,25,50,25,0,2,10,20,0,40,30
5,0,10,0,0,90,5,0,5,0,30,65,5,0,0,10,10,80
3,15,16,16,22,31,4,0,0,0,0,0,1,100,0,0,0,0
NA,100,0,0,0,0,1,100,0,0,0,0,1,100,0,0,0,0
3,65,10,10,5,10,4,0,0,0,0,100,2,0,100,0,0,0
5,0,100,0,0,0,NA,0,100,0,0,0,4,0,100,0,0,0
2,44,38,10,6,2,5,0,6,7,27,60,5,0,6,11,27,56
4,53,12,15,11,9,3,12,21,26,38,3,3,20,28,14,22,16
5,0,1,1,7,91,5,0,0,0,36,64,4,1,1,3,63,32
5,25,0,0,0,75,5,0,10,25,15,50,2,75,0,20,0,5
5,10,20,20,0,50,NA,100,0,0,0,0,3,0,0,50,50,0
1,45,10,10,15,20,3,36,19,22,15,8,2,10,80,10,0,0
3,20,0,50,0,30,1,20,0,30,0,50,3,10,10,10,40,30
2,41,36,0,23,0,3,0,45,55,0,0,2,100,0,0,0,0
4,16,27,12,14,31,NA,34,22,25,15,4,3,27,13,8,25,27
2,55,27,10,5,3,4,0,0,20,30,50,5,5,10,25,20,40
4,23,14,27,17,19,3,5,10,40,30,15,2,20,46,29,5,0
2,20,20,20,20,20,5,20,30,20,10,20,3,20,20,20,20,20
4,20,10,10,50,10,4,10,21,14,55,0,4,0,9,13,70,8
5,0,0,5,15,80,5,0,0,10,30,60,4,0,5,18,67,10
4,25,20,10,0,45,NA,10,10,0,0,80,4,25,0,15,10,50
4,25,25,25,25,0,5,0,0,0,50,50,3,0,100,0,0,0
5,11,25,0,0,64,5,0,0,0,0,100,2,0,100,0,0,0
5,4,6,0,25,65,5,0,0,0,0,100,3,0,0,47,46,7
3,42,27,14,17,0,3,32,16,32,20,0,2,15,15,23,39,8
2,80,10,10,0,0,5,0,0,0,100,0,5,80,20,0,0,0
4,0,11,2,39,48,5,0,0,0,15,85,5,0,0,5,7,88
4,20,10,5,10,55,2,23,16,6,41,14,2,13,43,22,14,8
5,8,28,8,11,45,4,0,0,0,47,53,2,0,0,0,69,31
1,80,10,0,10,0,3,0,0,40,40,20,2,0,40,50,10,0
3,20,40,10,5,25,3,10,20,20,10,40,3,10,15,20,20,35
5,10,10,0,70,10,5,0,0,0,10,90,2,0,100,0,0,0
2,59,9,10,12,10,3,0,25,25,25,25,3,0,0,100,0,0
5,5,0,0,95,0,5,0,0,0,0,100,4,0,0,0,0,100
NA,0,0,0,0,100,NA,0,0,0,0,100,NA,0,25,60,0,15
3,10,20,60,10,0,4,0,40,10,50,0,2,80,20,0,0,0
NA,0,19,0,0,81,NA,0,9,0,91,0,NA,0,12,88,0,0
1,42,19,39,0,0,4,5,12,12,71,0,2,64,36,0,0,0
4,51,39,10,0,0,4,10,7,17,32,34,3,44,25,18,8,5
5,0,0,0,0,100,4,0,0,0,100,0,5,0,0,0,100,0
4,25,25,10,25,15,4,5,0,40,45,10,2,50,40,8,2,0
5,20,20,20,20,20,4,20,30,10,20,20,5,10,30,20,20,20
4,0,0,10,60,30,4,0,0,10,90,0,5,0,10,40,30,20
5,5,5,5,25,60,4,5,5,10,40,40,3,5,10,10,50,25
5,0,0,0,10,90,5,0,0,5,15,80,3,5,5,80,5,5
5,25,35,0,0,40,5,25,35,0,0,40,1,36,0,0,0,64
3,17,23,20,33,7,3,20,24,17,14,25,3,21,15,18,20,26
3,100,0,0,0,0,3,0,0,50,0,50,4,0,0,0,0,100
3,19,15,22,32,12,NA,18,14,37,15,16,4,28,40,29,3,0
3,100,0,0,0,0,3,0,100,0,0,0,4,0,0,100,0,0
4,51,26,18,3,2,4,0,3,6,31,60,2,3,32,44,21,0
3,16,20,19,18,27,3,12,21,21,13,33,2,12,51,7,14,16
4,20,10,20,30,20,3,10,15,20,20,35,3,10,30,30,20,10
1,0,12,1,52,35,4,0,0,0,100,0,1,100,0,0,0,0
2,10,13,48,5,24,5,0,0,0,2,98,1,100,0,0,0,0
3,34,21,31,10,4,3,3,24,15,47,11,2,0,16,20,28,36
5,0,0,0,0,100,5,0,0,0,75,25,5,0,0,0,0,100
5,34,26,27,3,10,4,10,34,17,8,31,2,66,11,13,2,8
5,23,5,17,26,29,5,2,10,16,24,48,4,6,6,14,34,40
4,4,9,8,79,0,NA,6,2,0,92,0,NA,5,4,8,5,78
NA,5,10,10,25,50,5,0,0,0,35,65,1,97,3,0,0,0
5,20,20,10,15,35,4,0,25,25,40,10,1,50,50,0,0,0
1,100,0,0,0,0,4,0,0,0,14,86,5,27,0,0,0,73
1,60,10,2,20,8,4,70,5,10,10,5,1,20,20,40,10,10
3,42,41,0,17,0,3,48,47,5,0,0,3,0,40,0,48,12
3,33,10,37,4,16,4,10,25,25,20,20,2,100,0,0,0,0
5,20,20,10,30,20,4,10,40,10,20,20,3,5,70,5,15,5
2,30,23,18,16,13,4,15,10,48,10,17,2,31,47,9,7,6
2,22,15,11,19,33,2,28,13,26,29,4,2,89,3,2,2,4
4,0,13,13,66,8,3,0,0,32,68,0,2,81,19,0,0,0
1,73,3,11,0,13,1,71,8,18,0,3,1,73,9,5,13,0
5,5,5,0,10,80,5,0,0,0,25,75,4,30,0,0,60,10
5,15,10,0,25,50,5,5,0,0,15,80,2,0,20,30,30,20
1,85,15,0,0,0,4,0,11,60,25,4,5,0,0,0,25,75
1,50,20,20,10,0,5,0,10,20,20,50,1,20,40,20,10,10
1,20,20,20,40,0,5,10,30,40,20,0,2,0,100,0,0,0
1,30,30,10,0,30,5,20,20,20,20,20,2,20,20,20,20,20
5,0,0,0,0,100,4,0,0,0,80,20,2,0,95,5,0,0
5,0,7,16,44,33,5,0,10,15,23,52,4,0,24,11,48,17
2,28,60,1,10,1,3,4,11,63,7,15,2,0,100,0,0,0
4,20,10,0,30,40,5,0,0,0,0,100,4,0,10,50,20,20
1,100,0,0,0,0,5,0,0,0,0,100,2,0,100,0,0,0
5,23,12,3,16,46,4,0,0,42,28,30,5,0,18,25,15,42
4,8,9,13,31,39,NA,51,10,15,19,5,4,0,8,25,37,30
2,70,20,5,5,0,NA,0,5,20,75,0,2,60,30,10,0,0
4,23,37,18,13,9,3,12,22,27,26,13,3,22,28,20,13,17
2,29,18,30,16,7,3,17,0,39,25,19,3,10,22,3,49,16
NA,38,60,2,0,0,3,0,80,20,0,0,3,28,43,22,7,0
1,0,0,0,62,38,2,0,10,63,27,0,5,0,0,0,16,84
5,10,20,40,20,10,4,5,5,30,50,10,5,5,15,20,40,20
4,30,10,10,50,0,NA,5,10,20,65,0,NA,0,0,5,25,70
5,5,5,5,15,70,5,5,5,5,15,70,3,10,20,50,10,10
5,20,0,0,0,80,4,0,0,20,50,30,2,0,80,0,0,20
5,0,5,15,36,44,4,4,14,21,42,19,2,0,12,26,34,28
1,30,0,0,10,60,1,30,20,20,0,30,1,5,0,0,15,80
5,0,5,15,20,60,4,0,0,5,25,70,3,0,5,40,50,5
1,35,10,20,25,10,2,10,20,20,30,20,1,60,35,5,0,0
NA,0,10,0,90,0,NA,0,0,0,10,90,NA,0,0,0,0,100
5,10,30,15,25,20,5,5,10,20,30,35,2,5,30,15,30,20
4,30,5,0,30,35,4,0,40,0,10,50,1,30,50,20,0,0
4,23,16,13,12,36,5,0,0,0,0,100,3,0,0,0,100,0
5,5,5,0,40,50,5,0,0,5,40,55,2,5,50,40,5,0
3,50,38,12,0,0,5,0,0,0,100,0,1,20,30,10,0,40
3,34,58,8,0,0,3,35,21,44,0,0,2,18,15,67,0,0
4,13,4,15,51,17,4,0,0,0,100,0,3,0,100,0,0,0
1,25,15,20,20,20,5,0,15,35,25,25,4,21,23,22,20,14
5,5,10,15,30,40,4,0,0,25,40,35,2,0,50,25,12,13
3,30,10,10,40,10,4,0,6,7,34,53,1,0,0,21,14,65
3,10,15,55,15,5,1,90,0,0,0,10,3,0,10,60,15,15
3,0,9,0,9,82,5,0,0,0,16,84,5,0,0,47,0,53
3,27,27,17,14,15,4,8,14,25,44,9,2,9,67,14,7,3
5,0,14,3,83,0,4,16,3,8,8,65,3,21,38,24,17,0
4,0,9,11,62,18,4,0,0,32,43,25,2,6,21,35,22,16
5,3,6,7,32,52,5,16,7,5,0,72,2,7,14,17,27,35
1,90,10,0,0,0,4,0,0,10,75,15,2,10,90,0,0,0
3,9,22,11,20,38,2,12,37,22,8,21,2,2,10,24,57,7
1,100,0,0,0,0,3,0,0,100,0,0,1,100,0,0,0,0
5,0,0,0,92,8,5,0,0,0,82,18,1,0,0,0,0,0
4,10,20,20,30,20,NA,5,15,10,10,60,3,20,20,20,20,20
1,22,14,62,2,0,3,13,14,18,17,38,2,13,61,10,8,8
4,0,14,25,37,24,4,0,19,30,30,21,5,0,0,0,45,55
2,70,10,10,10,0,5,0,20,10,40,30,4,0,0,10,80,10
4,50,10,10,10,20,5,0,0,0,0,100,3,0,0,100,0,0
NA,29,14,44,3,10,2,6,17,25,37,15,3,9,12,19,24,36
5,0,0,0,15,85,5,0,0,0,10,90,3,0,15,85,0,0
3,100,0,0,0,0,2,0,100,0,0,0,2,16,84,0,0,0
2,75,0,20,0,5,5,0,20,10,50,20,4,0,85,10,5,0
1,50,0,0,0,50,2,50,0,0,0,50,1,100,0,0,0,0
1,66,34,0,0,0,2,19,29,38,14,0,2,76,24,0,0,0
4,26,16,30,22,6,4,10,29,10,25,26,4,14,27,18,22,19
2,40,23,37,0,0,5,23,20,21,21,15,1,44,12,22,21,1
4,13,43,11,33,0,NA,4,24,40,32,0,5,2,27,17,17,37
5,0,0,0,20,80,4,0,0,10,50,40,5,0,0,0,0,100
3,18,55,23,2,2,5,39,32,29,0,0,1,27,48,25,0,0
5,0,0,0,0,0,5,0,0,0,0,100,2,0,100,0,0,0
1,83,7,5,0,5,5,14,13,48,25,0,2,99,0,0,1,0
4,10,13,25,31,21,5,0,0,5,5,90,3,10,2,25,60,3
5,0,2,1,18,79,4,0,0,0,54,46,3,0,0,63,22,15
4,1,0,0,19,80,5,0,0,0,15,85,4,0,25,0,25,50
4,5,10,20,50,15,4,0,10,30,50,10,2,5,85,5,5,0
5,5,0,0,26,69,5,2,0,0,39,59,5,9,0,0,21,70
3,27,14,8,18,33,3,6,17,28,23,26,1,38,33,29,0,0
3,35,15,50,0,0,5,71,29,0,0,0,4,0,60,27,13,0
4,0,0,0,50,50,4,0,0,50,25,25,4,0,0,0,50,50
5,0,10,10,30,50,5,0,5,20,45,30,2,30,10,10,20,30
5,1,12,0,30,57,5,0,15,0,85,0,4,100,0,0,0,0
1,50,20,15,15,0,4,0,10,30,60,0,3,0,0,20,40,40
1,44,36,20,0,0,4,0,0,0,75,25,2,0,0,55,45,0
1,20,0,0,80,0,2,0,100,0,0,0,1,50,0,0,0,50
4,25,5,10,30,30,4,0,0,10,30,60,2,20,20,30,20,10
5,2,2,17,28,51,4,0,0,7,84,9,4,0,0,10,82,8
5,33,49,18,0,0,3,0,0,100,0,0,3,0,13,87,0,0
4,72,22,6,0,0,4,0,0,0,0,100,5,0,0,0,100,0
4,13,24,38,25,0,4,0,0,0,30,70,1,66,18,16,0,0
1,3,15,35,12,35,5,5,9,13,19,54,3,7,10,15,18,50
5,0,0,0,20,80,4,0,12,25,55,8,3,0,15,30,44,11
3,0,19,62,19,0,NA,3,23,47,19,8,4,0,8,16,58,18
3,9,23,18,0,50,5,0,0,0,22,78,2,94,6,0,0,0
NA,20,20,20,20,20,NA,20,20,20,20,20,NA,0,0,100,0,0
5,44,32,13,6,5,5,0,33,60,7,0,4,72,28,0,0,0
5,0,0,0,10,90,NA,100,0,0,0,0,4,50,0,0,50,0
5,0,0,0,0,100,NA,0,0,0,0,100,1,0,0,0,0,0
1,100,0,0,0,0,5,0,10,10,10,70,1,100,0,0,0,0
5,80,0,0,0,20,5,0,0,0,0,100,5,100,0,0,0,0
3,20,14,19,20,27,4,6,21,23,27,23,5,9,22,16,21,32
4,0,18,0,82,0,4,7,0,6,87,0,2,12,44,15,20,9
1,38,7,11,27,17,5,0,0,18,29,53,1,60,33,7,0,0
2,37,21,4,18,20,4,4,11,31,40,14,5,2,8,7,25,58
NA,0,0,0,40,60,5,0,0,25,35,40,3,30,50,10,5,5
5,10,20,20,20,30,5,0,0,0,0,100,3,20,20,20,40,0
5,0,0,0,0,0,NA,0,0,0,0,100,4,0,0,0,100,0
2,39,19,0,38,4,5,52,37,11,0,0,4,1,36,46,17,0
NA,0,0,8,0,92,5,0,0,0,10,90,1,0,100,0,0,0
3,12,18,51,19,0,5,0,0,0,20,80,2,0,8,24,26,42
1,30,40,20,10,0,5,5,10,35,50,0,2,10,10,40,30,10
5,20,15,18,26,21,5,10,22,18,25,25,2,20,31,23,16,10
5,5,0,0,0,95,5,0,0,0,0,100,1,10,20,20,30,20
5,0,8,0,4,88,5,16,1,0,0,83,2,0,52,41,7,0
5,41,20,12,12,15,4,31,8,50,0,11,4,33,21,21,18,7
2,40,39,21,0,0,1,21,32,41,0,6,4,26,30,18,26,0
4,36,31,17,16,0,4,7,11,23,34,25,5,0,7,24,33,36
5,40,30,30,0,0,1,1,5,40,24,30,1,80,15,5,0,0
4,10,10,0,40,40,2,0,30,40,30,0,2,0,80,0,20,0
1,95,0,0,5,0,4,0,0,25,35,40,5,10,20,20,25,25
4,0,0,8,92,0,5,0,0,0,4,96,2,10,90,0,0,0
5,90,10,0,0,0,4,0,0,0,89,11,2,46,54,0,0,0
3,10,10,10,50,20,4,10,10,10,20,50,1,10,10,10,20,50
5,3,5,4,15,73,5,0,0,0,0,100,5,10,20,30,10,30
1,32,15,4,4,45,5,0,14,29,41,16,1,100,0,0,0,0
5,50,20,0,30,0,5,15,40,0,30,15,3,50,0,20,20,10
4,2,4,4,39,51,5,0,0,10,20,70,3,10,10,20,30,30
5,0,0,0,35,65,5,0,0,0,0,100,2,75,25,0,0,0
4,0,0,0,70,30,4,0,0,0,80,20,2,0,0,0,50,50
5,5,5,20,30,40,4,0,10,30,30,30,2,0,15,25,30,30
NA,10,10,5,30,45,4,5,15,20,40,20,2,10,30,25,15,20
5,22,13,20,28,17,5,15,8,18,19,40,4,17,10,24,37,12
2,40,10,20,0,30,4,0,20,30,50,0,4,0,0,20,30,50
1,87,13,0,0,0,NA,56,44,0,0,0,NA,28,62,10,0,0
2,40,25,10,20,5,5,0,22,0,78,0,4,0,25,50,25,0
5,2,0,0,58,40,5,0,0,0,100,0,2,0,40,10,50,0
NA,50,25,25,0,0,2,13,21,37,29,0,2,44,29,20,7,0
5,8,44,21,14,13,5,0,0,0,72,28,2,0,100,0,0,0
2,20,22,17,28,13,5,0,0,0,0,100,4,0,0,0,0,100
NA,53,38,9,0,0,5,0,8,50,21,21,3,64,21,15,0,0
4,20,15,25,25,15,5,0,0,0,20,80,1,100,0,0,0,0
3,50,9,18,20,3,NA,0,0,0,100,0,NA,0,0,0,0,0
2,30,30,30,5,5,4,0,25,30,20,25,3,10,15,40,15,20
5,0,0,0,0,100,2,35,28,18,11,8,4,0,3,52,37,8
5,0,0,0,0,100,5,0,0,0,0,100,5,0,0,0,0,100
1,0,0,0,19,81,5,0,0,29,71,0,1,0,62,0,38,0
5,0,0,0,0,100,5,0,0,0,0,100,1,100,0,0,0,0
5,0,0,0,41,59,5,0,0,0,100,0,3,0,0,100,0,0
5,0,20,20,20,40,5,0,0,0,0,100,2,75,25,0,0,0
5,0,0,0,1,99,NA,0,0,0,99,1,NA,90,10,0,0,0
NA,48,48,4,0,0,NA,49,50,1,0,0,NA,46,46,8,0,0
5,7,15,15,63,0,5,8,21,29,38,4,3,10,23,26,26,15
1,95,0,2,2,1,2,0,2,3,10,85,1,92,3,5,0,0
4,37,15,10,8,30,5,36,28,11,6,19,4,50,25,13,11,1
1,100,0,0,0,0,2,0,100,0,0,0,2,0,100,0,0,0
5,0,0,0,0,100,5,0,0,0,0,100,1,100,0,0,0,0
5,0,0,0,6,94,4,0,6,9,8,77,2,28,59,5,4,4
3,65,13,22,0,0,4,0,0,28,72,0,2,0,26,74,0,0
1,60,20,5,5,10,2,0,60,10,10,20,5,0,0,0,0,100
4,24,13,42,8,13,5,3,11,17,30,39,1,7,9,61,21,2
5,5,5,5,5,80,5,5,10,15,50,20,5,0,20,20,20,40
5,25,10,45,9,11,5,5,6,17,32,40,4,71,8,9,10,2
3,27,9,7,6,51,NA,28,21,14,22,15,NA,28,17,18,32,5
3,69,0,31,0,0,3,22,58,0,20,0,3,78,22,0,0,0
4,32,31,19,15,3,4,19,25,41,10,5,1,53,12,19,9,7
1,10,5,20,30,35,2,5,15,30,45,5,5,5,5,20,20,50
NA,20,30,5,10,35,NA,0,0,15,85,0,NA,100,0,0,0,0
NA,14,0,50,0,36,NA,0,0,0,0,100,NA,0,0,0,0,100
1,90,10,0,0,0,4,0,10,50,40,0,3,0,23,77,0,0
1,46,36,18,0,0,NA,40,30,20,10,0,NA,29,23,48,0,0
3,23,27,15,15,20,4,0,24,34,29,13,2,0,69,21,10,0
NA,20,80,0,0,0,NA,20,30,50,0,0,NA,20,20,20,20,20
5,10,15,25,0,50,4,0,0,0,100,0,2,0,100,0,0,0
2,32,23,24,16,5,3,25,11,29,30,5,2,17,7,23,17,36
5,8,9,10,16,57,NA,0,10,33,52,5,4,0,17,40,32,11
4,10,13,26,30,21,NA,4,11,14,51,20,2,8,66,12,14,0
5,36,19,26,19,0,NA,0,3,44,7,46,NA,0,0,26,40,34
1,16,47,26,8,3,4,7,6,7,45,35,2,11,11,18,24,36
4,17,14,26,14,29,4,0,3,23,67,7,4,0,12,24,31,33
5,56,44,0,0,0,5,0,0,0,0,100,2,0,100,0,0,0
5,100,0,0,0,0,5,0,0,0,0,100,5,100,0,0,0,0
1,100,0,0,0,0,3,30,10,40,20,0,1,50,30,10,10,0
NA,3,0,0,1,96,4,0,0,0,82,18,4,0,0,0,14,86
2,46,32,0,0,22,2,42,45,13,0,0,1,100,0,0,0,0
5,20,20,20,20,20,5,20,20,20,20,20,5,20,20,20,20,20
4,7,22,37,34,0,4,0,26,74,0,0,2,17,83,0,0,0
2,50,20,10,10,10,3,10,10,50,20,10,4,20,10,10,50,10
5,0,0,0,0,100,4,100,0,0,0,0,4,0,0,0,100,0
1,89,3,6,2,0,5,0,0,0,10,90,5,0,0,5,20,75
4,10,14,22,33,21,3,11,25,28,29,7,4,14,14,14,36,22
2,20,20,20,20,20,2,20,20,20,20,20,2,20,20,20,20,20
3,57,7,36,0,0,4,0,0,0,98,2,5,0,91,0,9,0
1,40,20,20,15,5,5,10,20,20,35,15,2,35,25,20,10,10
4,0,0,0,0,100,5,0,0,0,50,50,4,0,7,33,60,0
3,40,10,30,10,10,4,0,10,30,20,40,4,0,0,0,50,50
2,14,37,41,5,3,4,3,29,36,32,0,2,2,43,35,20,0
1,40,0,0,50,10,4,0,10,0,90,0,5,0,0,0,0,100
NA,0,0,0,34,66,NA,0,0,0,100,0,NA,0,0,0,0,100
3,49,49,2,0,0,NA,12,40,25,11,12,5,0,0,0,0,100
1,80,5,5,10,0,1,50,30,20,0,0,1,85,15,0,0,0
2,50,20,20,10,0,5,0,10,20,30,40,4,0,10,20,30,40
1,90,0,0,0,10,4,0,0,0,90,10,5,0,0,0,0,0
5,0,21,12,24,43,3,0,6,43,20,31,5,0,0,21,0,79
1,45,13,12,8,22,5,0,7,9,25,59,5,40,7,13,7,33
1,100,0,0,0,0,2,0,98,2,0,0,1,100,0,0,0,0
5,0,0,20,80,0,5,0,0,10,80,10,3,50,0,50,0,0
5,10,20,10,20,40,4,10,10,0,70,10,5,0,0,10,40,50
4,0,0,10,80,10,4,0,0,0,90,10,3,30,40,30,0,0
5,20,20,20,20,20,5,20,20,20,20,20,3,20,20,20,20,20
3,33,47,20,0,0,4,18,22,57,3,0,3,37,23,14,26,0
4,33,16,27,22,2,5,0,10,20,50,20,2,30,20,10,20,20
5,10,11,12,23,44,5,5,5,8,36,46,5,8,7,12,11,62
5,0,0,5,15,80,4,0,0,0,80,20,2,0,80,20,0,0
5,7,8,19,48,18,4,6,10,11,70,3,5,7,58,8,3,24
1,90,0,0,0,10,1,100,0,0,0,0,1,90,0,0,0,10
4,5,9,18,68,0,5,0,5,3,33,59,2,0,100,0,0,0
5,80,20,0,0,0,5,1,20,31,17,31,4,2,5,31,62,0
3,23,10,33,13,21,5,0,0,0,0,100,4,0,0,0,100,0
1,51,20,19,7,3,4,0,0,13,63,24,2,0,3,30,32,35
1,80,5,0,5,10,5,0,2,5,10,83,4,0,10,20,20,50
NA,10,29,15,28,18,NA,5,20,11,30,34,NA,17,29,13,27,14
NA,100,0,0,0,0,3,0,10,10,50,30,2,10,50,10,20,10
4,10,10,32,25,23,4,0,0,0,100,0,4,5,66,0,29,0
NA,22,12,11,38,17,5,5,15,15,61,4,5,0,42,26,10,22
4,0,0,0,100,0,5,0,0,0,0,100,4,100,0,0,0,0
5,0,0,0,0,100,5,0,0,0,0,100,5,0,0,0,0,100
5,10,10,20,30,30,4,5,15,30,30,20,3,5,20,30,30,15
1,100,0,0,0,0,5,0,0,0,0,100,5,0,0,0,0,100
3,15,20,45,9,11,4,2,9,14,47,28,1,97,3,0,0,0
5,10,2,3,10,75,5,0,0,0,10,90,2,40,20,21,19,0
5,0,0,0,0,100,NA,0,0,0,0,100,2,0,100,0,0,0
2,10,30,0,60,0,4,0,0,0,100,0,5,0,0,100,0,0
5,0,10,10,0,80,5,0,0,0,0,100,4,0,0,0,68,32
3,26,32,25,12,5,5,0,0,0,25,75,2,10,26,26,28,10
1,0,100,0,0,0,5,0,0,0,0,100,1,1,0,0,0,99
1,16,58,26,0,0,2,18,11,30,20,21,1,45,25,30,0,0
3,20,20,20,20,20,3,20,20,20,20,20,4,20,20,20,20,20
5,0,0,0,75,25,5,5,30,30,30,5,2,50,5,20,10,15
4,29,10,12,30,19,4,0,0,10,80,10,2,10,78,12,0,0
3,1,50,49,0,0,4,0,50,0,50,0,1,0,0,0,0,100
5,5,5,5,52,33,5,0,0,11,21,68,1,0,0,17,32,51
5,3,8,16,35,38,NA,0,9,16,25,50,5,10,21,22,22,25
3,94,0,0,0,6,5,0,0,0,0,100,3,0,0,0,100,0
5,0,0,0,25,75,5,0,0,0,50,50,1,25,50,25,0,0
5,0,0,0,0,100,5,0,0,0,0,100,2,0,100,0,0,0
1,37,63,0,0,0,NA,0,0,0,0,100,5,0,0,0,0,100
4,0,0,0,100,0,4,0,0,0,100,0,3,0,0,100,0,0
4,13,15,18,25,29,5,6,8,10,15,61,2,58,32,7,3,0
1,15,23,12,18,32,4,6,4,6,61,23,1,100,0,0,0,0
4,0,40,10,20,30,3,50,0,0,50,0,1,0,100,0,0,0
3,33,20,30,4,13,4,0,24,46,25,5,5,0,0,10,85,5
1,100,0,0,0,0,4,0,0,0,0,0,4,0,0,0,0,0
3,5,0,0,95,0,5,0,0,0,0,100,2,0,0,0,100,0
NA,0,5,95,0,0,NA,0,0,10,87,3,NA,0,100,0,0,0
NA,0,10,0,0,90,5,0,5,5,30,60,3,10,0,20,20,50
NA,25,20,10,10,35,NA,10,25,40,20,5,NA,0,0,100,0,0
2,50,0,0,0,50,2,100,0,0,0,0,3,0,0,0,0,100
5,0,8,0,10,82,4,0,0,5,19,76,1,100,0,0,0,0
2,20,30,31,10,9,NA,0,0,0,0,100,2,0,100,0,0,0
5,0,10,4,34,52,5,0,0,0,30,70,2,47,53,0,0,0
5,20,30,20,30,0,4,5,25,30,35,5,1,50,20,20,5,5
5,0,0,20,40,40,5,0,0,10,25,65,2,20,70,10,0,0
5,35,42,8,0,15,NA,0,18,61,16,5,NA,13,25,25,19,18
4,0,50,0,50,0,4,0,24,26,50,0,5,20,0,10,35,35
2,0,0,0,100,0,4,0,0,0,80,20,4,0,80,20,0,0
5,0,0,0,53,47,4,0,0,0,50,50,4,0,0,0,44,56
1,0,0,0,0,0,3,0,100,0,0,0,2,0,100,0,0,0
1,80,10,10,0,0,5,0,0,0,0,100,2,0,0,0,100,0
4,15,55,15,0,15,5,0,0,0,50,50,2,0,100,0,0,0
4,17,20,19,5,39,NA,0,0,100,0,0,2,0,100,0,0,0
1,50,0,0,28,22,3,0,0,100,0,0,4,0,0,0,75,25
2,30,10,20,20,20,4,10,20,30,20,20,1,30,40,20,10,0
4,0,39,0,61,0,5,0,0,0,22,78,4,0,0,0,100,0
1,100,0,0,0,0,3,45,5,50,0,0,2,73,10,8,3,6
4,15,30,15,30,10,4,0,20,20,50,10,2,33,45,12,4,6
5,0,0,0,0,100,NA,0,0,30,30,40,4,80,20,0,0,0
5,10,0,0,10,80,4,0,0,0,75,25,2,25,50,25,0,0
5,0,20,20,24,36,4,7,13,24,36,20,4,0,0,100,0,0
5,10,10,0,80,0,4,0,0,25,75,0,2,0,80,0,10,10
1,40,6,15,30,9,5,0,0,10,10,80,5,20,60,0,10,10
5,0,10,5,60,25,5,0,0,0,10,90,4,0,0,50,40,10
4,5,20,0,25,50,4,5,15,20,0,60,2,0,0,10,10,80
3,20,57,23,0,0,NA,100,0,0,0,0,3,0,100,0,0,0
5,90,10,0,0,0,5,20,10,30,40,0,1,80,20,0,0,0
2,74,15,0,4,7,4,0,30,30,20,20,2,0,40,30,20,10
1,25,5,20,0,50,4,0,0,10,70,20,4,5,20,45,25,5
5,0,0,0,50,50,4,0,0,35,65,0,3,0,0,0,23,77
NA,41,38,21,0,0,NA,0,0,0,100,0,5,0,0,0,51,49
3,0,0,25,75,0,4,0,0,0,75,25,4,0,0,0,100,0
5,71,0,29,0,0,5,0,0,0,85,15,1,100,0,0,0,0
5,0,0,0,0,100,5,0,0,12,88,0,2,87,13,0,0,0
NA,100,0,0,0,0,2,0,100,0,0,0,1,100,0,0,0,0
2,0,86,14,0,0,5,0,0,0,0,100,4,0,0,50,50,0
NA,100,0,0,0,0,4,0,0,0,100,0,5,0,0,0,100,0
1,50,0,40,0,10,3,0,0,100,0,0,2,0,50,50,0,0
NA,99,1,0,0,0,5,0,0,0,0,100,1,0,0,3,0,97
5,65,35,0,0,0,2,19,35,0,46,0,1,17,16,24,22,21
2,0,50,50,0,0,5,0,0,0,0,100,1,0,100,0,0,0
2,34,25,16,13,12,NA,32,23,19,15,11,NA,35,24,15,10,16
